UniProt_ID,PC1,PC2
1A1M,-1.0542793,-0.023235403
1A1N,-0.7465015,-0.042714506
1A1O,-0.97986054,0.02378182
1A6Z,3.1682713,0.26574448
1A9B,-0.54809135,0.027894367
1A9E,-0.78786004,-0.03475767
1AGB,-0.9395246,-0.07272656
1AGC,-0.8994022,-0.094519146
1AGD,-0.9155726,-0.107881136
1AGE,-0.905945,-0.10686984
1AGF,-0.9371402,-0.0549629
1AKJ,-1.056046,-0.023480978
1AO7,-1.0158719,-0.059051268
1B0G,-1.1163048,0.01762245
1B0R,-0.9985656,0.043893464
1B3J,7.423166,0.7351193
1BD2,-1.1243186,-0.050602674
1CG9,-0.68508434,0.0015216748
1DE4,3.4314106,0.34912127
1DUY,-1.0894712,0.0010125259
1DUZ,-1.1034849,-0.0058031008
1E27,-1.0937865,-0.04535227
1E28,-1.0062721,-0.076746605
1EEY,-1.1677903,0.001659723
1EEZ,-1.1391505,0.02967374
1EFX,-0.84805435,-0.091920935
1EXU,6.165353,0.30830774
1GZP,5.0383205,-0.8417025
1GZQ,4.8397684,-0.8076524
1HHG,-1.0881424,0.018152488
1HHH,-1.0568516,-0.022033466
1HHI,-1.1165402,0.018859552
1HHJ,-1.0680391,0.031727828
1HHK,-1.11382,0.005381975
1HSA,-0.94322246,-0.04535135
1HSB,-1.0664284,-0.10701533
1HYR,6.39601,0.687794
1I1F,-1.1239799,-0.014229332
1I1Y,-1.0906283,-0.004244556
1I4F,-1.0385414,-0.06805212
1I7R,-1.0733536,0.018676793
1I7T,-1.1090624,-0.001605115
1I7U,-1.0792369,0.019343654
1IM3,-1.1343557,-0.04749464
1IM9,-0.6574031,0.005000408
1JE6,5.4548874,0.37162045
1JF1,-1.1448476,-0.07109466
1JGD,-1.0292907,-0.052648153
1JGE,-1.104311,-0.03890404
1JHT,-1.0976834,-0.049477395
1K5N,-1.1128993,-0.053388588
1KCG,7.2029977,0.5382195
1KPR,-0.70535487,0.043573923
1KTL,-0.6903579,0.04341404
1L8J,6.717138,-0.08763927
1LP9,-1.0065643,-0.0076124417
1LQV,5.737778,-0.04419722
1M05,-0.24563003,0.007286756
1M6O,-1.1218258,-0.06601769
1MHE,-0.5641415,0.034577284
1MI5,-0.23197255,0.02398428
1N2R,-1.0736775,-0.069532156
1OF2,-1.0807565,-0.039620135
1OGA,-1.1539112,0.018352851
1OGT,-1.088507,-0.04425744
1ONQ,5.770227,-0.6629935
1P7Q,-0.92533076,-0.0031262096
1Q94,-1.1015499,-0.041119024
1QEW,-1.123302,-0.04348571
1QQD,-0.5856488,0.023637334
1QR1,-1.1593957,-0.0027824042
1QRN,-1.0228447,-0.08043692
1QSE,-1.0586513,-0.05648065
1QSF,-1.026897,-0.077032425
1QVO,-1.1069852,-0.06595955
1S8D,-1.1104257,-0.035381135
1S9W,-1.0730487,-0.03524585
1S9X,-1.0728681,-0.037440766
1S9Y,-1.0804845,-0.040775582
1SYS,-1.0240173,-0.09711256
1SYV,-1.0861026,-0.058821023
1T1W,-1.1022614,-0.025589403
1T1X,-1.1116587,-0.026329737
1T1Y,-1.0940512,-0.007138106
1T1Z,-1.0590434,-0.010772289
1T20,-1.0724045,0.0046614846
1T21,-1.112034,-0.02577078
1T22,-1.1283823,-0.063417375
1T7V,2.8673785,0.80151135
1T7W,2.8631828,0.7956045
1T7X,2.8836432,0.79684067
1T7Y,2.867176,0.7963808
1T7Z,2.845815,0.80173546
1T80,2.7115333,0.7537488
1TMC,-0.4547803,0.024395093
1TVB,-1.1850326,-0.029609518
1TVH,-1.1743271,-0.016791586
1UQS,5.321869,-0.8108817
1UXS,-1.0999404,-0.037830975
1UXW,-1.1295927,-0.034948796
1W0V,-1.1315534,-0.037997957
1W0W,-1.1262019,-0.046925746
1W72,-0.9729689,-0.07448681
1X7Q,-1.1208179,-0.049375728
1XH3,-1.0186193,-0.058023125
1XR8,-1.0082619,-0.07840545
1XR9,-0.9712343,-0.10099706
1XZ0,5.58132,-0.6962281
1YDP,-0.9144648,0.019607557
1ZAG,2.7435815,0.78455573
1ZHK,-0.87559646,-0.09460364
1ZHL,-0.98551697,-0.09843083
1ZSD,-0.9856269,-0.06362836
1ZT4,4.9165845,-0.8116016
2A83,-1.05444,-0.0072355964
2AK4,-0.6143852,-0.05614626
2AV1,-1.114497,0.011258426
2AV7,-1.1225077,0.0033440497
2AXF,-0.9327197,-0.05213661
2AXG,-0.9280325,-0.04387477
2BCK,-1.0716223,-0.06828841
2BNQ,-1.1430963,-0.032735273
2BNR,-1.1420001,-0.06262094
2BSR,-1.126078,-0.03835338
2BSS,-1.112086,-0.06583516
2BST,-1.1514555,-0.08385823
2BVO,-1.0551467,-0.022465687
2BVP,-1.0304465,-0.00024106583
2BVQ,-0.9896534,-0.024500728
2C7U,-0.9777549,-0.006671483
2CIK,-0.76984423,-0.024454962
2CLR,-1.0809155,0.058540896
2D31,-0.8110167,0.023771305
2DYP,-0.99428034,-0.022854682
2ESV,-0.45691103,0.037086856
2F53,-1.1400006,-0.03749802
2F54,-1.1037475,-0.021334242
2FYY,-0.9226487,-0.066534154
2FZ3,-0.93948376,-0.05668389
2GIT,-1.1326634,-0.0016434161
2GJ6,-1.097851,-0.058475118
2GT9,-1.1261481,-0.059052788
2GTW,-1.1230271,-0.043458454
2GTZ,-1.1205668,-0.02972005
2GUO,-1.1552798,-0.053263467
2H26,5.3444576,-0.818304
2H6P,-0.8831617,-0.04066316
2HJK,-1.0688937,-0.048404433
2HJL,-1.0496556,-0.028268946
2HLA,-0.9965476,-0.049475133
2HN7,-1.1284188,-0.06056906
2J8U,-1.0249453,-0.0056818034
2JCC,-1.0089763,-0.032745052
2NW3,-1.0148541,-0.041590963
2NX5,-0.8452028,-0.050023578
2P5E,-1.0016377,-0.012840666
2P5W,-0.992953,0.0046746437
2PO6,5.0786495,-0.8369436
2PYE,-0.9748573,0.013029875
2RFX,-1.0854316,-0.083907604
2UWE,-1.0046232,0.012813142
2V2W,-1.1029512,0.01762265
2V2X,-1.1544095,0.005110525
2VLJ,-1.0577046,0.009515095
2VLK,-1.0814503,0.014278041
2VLL,-1.1476638,0.00021564655
2VLR,-0.66120905,0.045372702
2WY3,5.9414463,0.5061517
2X4N,-1.1000124,-0.04359223
2X4O,-1.0645835,-0.013642905
2X4P,-1.0725359,-0.06512631
2X4Q,-1.1037735,-0.048966024
2X4R,-1.079716,-0.056294337
2X4S,-1.1484784,-0.018256791
2X4T,-1.0726894,-0.08364466
2X4U,-1.0965694,-0.046791837
2X70,-1.0688939,-0.05478618
2XPG,-1.0549105,-0.072436355
2YPK,-1.0696809,-0.033172928
2YPL,-1.0144308,-0.027613508
3AM8,-0.35895175,0.024106499
3B3I,-1.129355,-0.056982145
3B6S,-1.1350899,-0.037730247
3BGM,-1.0016977,-0.045875654
3BH8,-1.0344388,-0.039467692
3BH9,-1.0834761,-0.0386594
3BHB,-0.96667236,0.030034093
3BO8,-1.1146474,-0.10292437
3BP4,-1.1123434,-0.07110732
3BP7,-1.055348,-0.05272655
3BVN,-1.0226679,-0.05675267
3BW9,-1.0400101,-0.040563982
3BWA,-1.0748345,-0.043143313
3BXN,-1.1334138,-0.06278475
3BZE,-0.38655552,0.03380543
3BZF,-0.33639073,0.12438975
3C9N,-0.9986132,-0.09071636
3CDG,-0.43131024,0.024530962
3CII,-0.34508896,0.047815975
3CZF,-1.0880686,-0.028155528
3D18,-1.119237,-0.03251415
3D25,-1.087549,-0.031670053
3D2U,4.148311,0.51755804
3D39,-1.0921491,-0.057084728
3D3V,-1.0750554,-0.075020306
3DTX,-1.1304162,-0.05376262
3DX6,-1.1195872,-0.072405234
3DX7,-1.0606794,-0.06550471
3DX8,-1.0219556,-0.05175405
3DXA,-0.8989784,-0.015523558
3ES6,2.998479,0.78348696
3FFC,-0.0047727646,0.027314335
3FQN,-1.1170671,-0.06430265
3FQR,-1.0442357,-0.03448128
3FQT,-1.0878241,-0.070352696
3FQU,-1.0964987,-0.076569736
3FQW,-1.1290324,-0.09314484
3FQX,-1.0969834,-0.09443522
3FT2,-1.0855318,-0.035766173
3FT3,-1.0356985,-0.030541368
3FT4,-1.0506915,-0.021570526
3GIV,-1.1568043,-0.025604188
3GJF,-1.1265749,-0.013806002
3GSN,-0.9823737,-0.03229549
3GSO,-1.0586613,-0.0510917
3GSQ,-1.0814272,-0.061410755
3GSR,-1.0759852,-0.05287797
3GSU,-1.0780845,-0.045471765
3GSV,-1.065946,-0.049956124
3GSW,-1.1130655,-0.027077463
3GSX,-1.076365,-0.061970863
3H7B,-1.1743361,-0.014099795
3H9H,-0.8365303,0.04375664
3H9S,-0.8166069,0.03456466
3HAE,-1.0320594,0.036716368
3HCV,-1.1619298,-0.052726507
3HG1,-1.0949197,-0.020226507
3HLA,-1.0828321,-0.013119313
3HPJ,-1.1428542,1.7235005e-05
3HUJ,5.128642,-0.7770508
3I6G,-1.1145867,-0.02887105
3I6K,-1.027875,-0.0024531628
3I6L,-1.0685421,-0.06183542
3IT8,7.3372684,0.42963132
3IXA,-0.7170661,0.0030995659
3JTC,5.519436,-0.06678346
3KLA,-1.1272283,-0.0032377427
3KPL,-1.1060174,-0.068988636
3KPM,-1.1178936,-0.05973353
3KPN,-1.0872233,-0.07668379
3KPO,-1.1204108,-0.05050746
3KPP,-1.0861276,-0.09961301
3KPQ,-1.0688806,-0.05463679
3KPR,-0.95378727,-0.09598903
3KPS,-0.9531024,-0.088051714
3KWW,-0.97803867,-0.07609132
3KXF,-0.6382743,-0.04632117
3KYN,-0.7824017,0.008682721
3KYO,-0.887808,0.0062668473
3L3D,-1.1196749,-0.06732219
3L3G,-1.0925776,-0.06450141
3L3I,-1.1197336,-0.06919035
3L3J,-1.0888836,-0.0682747
3L3K,-1.0692271,-0.07993878
3LKN,-0.89114624,-0.06221087
3LKO,-0.9645274,-0.057338316
3LKP,-0.9074977,-0.05609309
3LKQ,-0.8934253,-0.05506955
3LKR,-0.93541914,-0.06087657
3LKS,-0.880982,-0.05159161
3LN4,-1.0058571,-0.046296146
3LN5,-0.96540135,-0.028927987
3LV3,-1.0754591,-0.04420847
3M17,6.262688,0.23061557
3M1B,6.1015415,0.25484368
3MGO,-1.1542039,-0.012618153
3MGT,-1.1126685,-0.017911369
3MR9,-1.0633963,-0.05037473
3MRB,-1.0742444,-0.026000418
3MRC,-1.0588903,-0.052694976
3MRD,-1.0358993,-0.035338372
3MRE,-1.0419828,-0.012560544
3MRF,-1.0357779,-0.016672764
3MRG,-1.0715019,-0.03837352
3MRH,-1.0369335,0.0022334824
3MRI,-1.0058463,-0.037732836
3MRJ,-1.1441168,-0.048635103
3MRK,-1.0437858,-0.079158746
3MRL,-1.0918294,-0.030657478
3MRM,-1.031531,-0.062240202
3MRN,-0.9777208,-0.09364705
3MRO,-1.071296,-0.035673402
3MRP,-1.0811496,-0.033875115
3MRQ,-1.088774,-0.079278514
3MRR,-1.0668478,-0.02167486
3MV7,-0.5066647,-0.01887707
3MV8,-0.5039885,-0.04028911
3MV9,-0.37039307,-0.0012684407
3MYJ,-1.1325729,-0.00010569298
3NFN,-1.1385037,-0.063727595
3O3A,-1.1360886,-0.033413094
3O3B,-1.159937,-0.018353537
3O3D,-1.1649593,-0.025972443
3O3E,-1.1698146,-0.035836007
3O4L,-1.0709606,-0.021892989
3OV6,5.3423514,-0.5721924
3OX8,-1.0127752,0.03281609
3OXR,-1.1295778,-0.04764845
3OXS,-1.0951749,-0.06972853
3PWJ,-1.176303,-0.0034285383
3PWL,-1.1013147,-0.029981937
3PWN,-1.1581787,-0.02736851
3PWP,-1.1220808,-0.034814492
3QDG,-0.9166204,-0.08222097
3QDJ,-0.9158407,-0.09414046
3QDM,-1.1386503,-0.064406976
3QEQ,-1.0987508,-0.04812166
3QFD,-1.1135734,-0.03788946
3QFJ,-1.1125501,-0.073766544
3QZW,-1.1218126,-0.074480765
3REW,-1.1800932,-0.009554054
3RL1,-1.0713032,-0.032438938
3RL2,-0.95572644,-0.04866481
3S6C,5.440246,-0.6814873
3SDX,4.844171,-0.8243626
3SJV,0.1423133,0.03643908
3SKM,-0.375539,-0.039263833
3SKO,-0.56682026,-0.034602657
3SPV,-0.46921736,-0.038341343
3T8X,5.2160554,-0.7695075
3TO2,-1.1455213,-0.04094446
3TZV,4.893178,-0.82240015
3U0P,4.169084,-0.74434066
3UPR,-0.8323934,0.011057332
3UTQ,-1.0379282,-0.08139966
3UTS,-1.1528873,-0.07638839
3UTT,-0.5283494,0.072397135
3V5D,-1.0590026,0.0129461605
3V5H,-1.0976381,-0.03747686
3V5K,-1.0700048,-0.03460091
3VCL,-0.9628644,-0.048690528
3VFM,-0.99243367,-0.06657377
3VFN,-0.8869337,-0.10134181
3VFO,-0.98618984,-0.08852654
3VFP,-0.9839666,-0.09322701
3VFR,-0.94876593,-0.059996653
3VFS,-1.0037761,-0.07260767
3VFT,-0.989565,-0.0691375
3VFU,-0.91087496,-0.09617406
3VFV,-0.9118302,-0.07248742
3VFW,-0.9768124,-0.066082306
3VH8,-0.8150024,-0.014013606
3VRI,-1.0234646,-0.06732573
3VRJ,-1.0165716,-0.052198075
3VWJ,5.3197346,-0.78404105
3VWK,5.363092,-0.8237141
3VXM,-0.98435724,-0.05397565
3VXN,-1.1383951,-0.0899304
3VXO,-1.1444446,-0.021761399
3VXP,-1.0764925,-0.08382841
3VXR,-0.8853157,-0.009236703
3VXS,-0.8786253,-0.008659647
3VXU,-1.1208944,-0.042918917
3W0W,-1.09077,-0.02639642
3W39,-0.9158955,-0.028322602
3WL9,-1.0782944,-0.11633275
3WLB,-1.0883399,-0.10611466
3WUW,-0.8399096,-0.010240555
3X11,-1.1208016,-0.093604036
3X12,-0.76279974,-0.0969371
3X13,-0.4785949,-0.021319829
3X14,-0.4531485,-0.01670518
4E5X,-1.0939237,-0.024462339
4EN3,5.406582,-0.8165938
4EUP,-1.030391,-0.034941476
4F7M,-1.0784496,-0.09703375
4F7P,-0.9714397,-0.06727533
4F7T,-0.72465664,-0.043564636
4FFE,7.9677153,0.6688175
4FTV,-1.0444065,-0.09419287
4G8G,-1.0175918,-0.053814653
4G8I,-1.1338118,-0.057526987
4G9D,-1.1259677,-0.06165387
4G9F,-1.029921,-0.05918512
4GKN,-0.8445057,-0.038158033
4GKS,-0.90105146,-0.04575459
4GUP,2.0687418,0.70314574
4HWZ,-1.0725415,-0.096659444
4HX1,-1.0672168,-0.032669473
4I48,-0.97657084,-0.06497579
4I4W,-1.0905664,0.0031927233
4JFD,-1.046056,-0.031041099
4JFE,-1.0668445,-0.0016928936
4JFF,-1.0953653,-0.02219174
4JFO,-1.1235403,0.011020856
4JFP,-1.1351733,-0.03755855
4JFQ,-1.1780989,-0.052862786
4JQV,-1.0626363,-0.102948345
4JQX,-1.1198475,-0.07143066
4JRX,-0.61433685,-0.040798116
4JRY,-0.5937075,-0.038651943
4K71,5.98504,0.18060641
4K7F,-1.104884,-0.024691967
4L29,-1.0152221,-0.029770665
4L3C,-1.0385444,-0.02849707
4L3E,-0.99610966,-0.053711943
4L4T,1.462454,0.8568013
4L4V,1.3028208,0.84434885
4LCW,1.640088,0.94161904
4LCY,-0.78849125,-0.05520596
4LHU,4.897497,-0.83012676
4LNR,-0.97068286,-0.05283085
4MJ5,-1.1231345,-0.047786042
4MJ6,-1.1297437,-0.11414768
4MJI,-0.6456196,-0.043156438
4MNG,4.881306,-0.830309
4MNQ,-0.9864371,0.04111413
4MQ7,5.72075,-0.75311965
4N0F,6.0898466,0.20506379
4N0U,6.0017304,0.20136131
4N8V,-1.0274205,-0.09479392
4NNX,-1.0057383,-0.04701082
4NNY,-0.99091506,-0.08152786
4NO0,-0.9462755,0.018598776
4NO2,-0.94370264,-0.040202823
4NO3,-0.95589364,-0.01185686
4NO5,-1.0450346,-0.0067132483
4NQC,1.7769445,0.9511138
4NQD,1.4360808,0.8855212
4NQE,1.4517155,0.8548434
4NQV,-1.0655969,-0.053179756
4NQX,-1.0679028,-0.05645431
4NT6,-0.59824497,-0.03804183
4O2C,-1.1274194,-0.07247922
4O2E,-0.9307321,-0.091934025
4O2F,-0.76421344,-0.07950917
4ONO,5.370037,-0.593726
4PDC,7.632824,0.62236494
4PJ5,1.6835171,0.9855051
4PJ7,1.6480716,0.9127229
4PJ8,1.5798378,0.7812121
4PJ9,1.3795079,0.823999
4PJA,1.5827652,0.9108523
4PJB,1.4728037,0.82240963
4PJC,1.6166887,0.9352529
4PJD,1.4193796,0.8370482
4PJE,1.5891669,0.8966978
4PJF,1.6461079,0.95036364
4PJG,1.8169667,0.94017833
4PJH,1.465485,0.858241
4PJI,1.5630437,0.9140836
4PJX,1.5238962,0.8145281
4PR5,-0.95437515,-0.061118145
4PRA,-0.9119855,-0.06534994
4PRB,-0.96984726,-0.04566555
4PRD,-0.9084604,-0.04749208
4PRE,-0.9332748,-0.047007885
4PRH,-0.41932237,-0.013621436
4PRI,-0.34918764,-0.008470389
4PRN,-0.96970534,-0.06879051
4PRP,-0.54107237,-0.0044696196
4QOK,-1.0599731,-0.010303154
4QRP,-0.06537876,-0.0027762158
4QRQ,-0.31082714,-0.041785862
4QRR,-0.9069359,-0.02314193
4QRS,-0.3653674,-0.03189861
4QRT,-0.28123245,-0.0009797517
4QRU,-0.32111618,-0.028668253
4S0U,6.9094024,0.39920035
4U1H,-0.9991563,-0.054693542
4U1I,-0.9532213,-0.08180566
4U1J,-1.021715,-0.04209307
4U1K,-0.8748428,-0.010455922
4U1L,-0.71133983,-0.021033466
4U1M,-1.0288599,-0.06880619
4U1N,-1.0301478,-0.07201475
4U1S,-0.9874775,-0.07320852
4U6X,-0.95725214,0.012723873
4U6Y,-1.0039439,-0.013059144
4UQ2,-1.1192877,-0.07698557
4UQ3,-0.9779647,-0.04037359
4V3D,5.9339027,-0.078880794
4V3E,5.5987916,-0.12583773
4WJ5,-1.0691763,0.016511155
4WO4,5.2932115,-0.7699521
4WU5,-1.0883379,-0.08152599
4WU7,-1.0293638,-0.035783466
4WUU,-1.063748,-0.03794547
4WW2,5.1287,-0.78292596
4WWK,5.2145534,-0.78576607
4X6C,6.081033,-0.53690773
4X6D,5.420018,-0.6686118
4X6E,6.226342,-0.5927435
4X6F,6.3486066,-0.62850076
4XXC,-1.061472,-0.10631056
5B38,-0.7984174,-0.02092527
5B39,-0.7748593,-0.00044367329
5BJT,5.853372,0.12790155
5BRZ,-0.8665501,-0.07123295
5BS0,-1.0114119,-0.11875545
5BXF,5.97812,0.19350545
5C07,-1.0829949,-0.055317868
5C08,-1.09,-0.07729262
5C09,-1.1053064,-0.021457585
5C0A,-1.0940429,-0.074479975
5C0B,-1.0721755,-0.018403398
5C0C,-1.1029572,-0.030008847
5C0D,-1.0154299,-0.060279865
5C0E,-1.0759689,-0.056776807
5C0F,-1.0846658,-0.06360435
5C0G,-1.101233,-0.009204428
5C0I,-1.1067574,-0.032301366
5C0J,-1.1108636,-0.07854603
5C9J,5.252693,-0.66385746
5D2L,-0.8134507,0.012442458
5D2N,-1.0143641,-0.046012364
5D5M,1.6041182,0.9192827
5D7I,1.6788048,0.9592356
5D7J,1.6636943,0.9445853
5D7L,1.5818155,0.8631789
5D9S,-1.0797832,-0.03637932
5DDH,-0.9251711,-0.008105328
5DEF,-1.1473968,-0.043065954
5DEG,-1.1357903,-0.03766667
5E00,-1.0745573,-0.08497226
5E6I,-0.45854604,0.0903584
5E9D,-1.1205322,-0.06927541
5ENW,-1.0474105,0.0029560255
5EO0,-1.0222638,-0.030657763
5EO1,-1.0119278,-0.025841173
5EOT,-1.0234437,-0.0029361383
5EU3,-1.0497912,-0.04191741
5EU4,-1.1181985,-0.059323158
5EU5,-1.090665,-0.042612128
5EU6,-1.1579256,-0.028712397
5EUO,-1.1352301,0.006135837
5F7D,-0.9918124,-0.0020901782
5F9J,-1.0809597,-0.05643419
5FA3,-0.97776675,-0.0069064125
5FA4,-0.9821947,-0.039557785
5FDW,-0.99923456,0.0052950564
5GRD,-1.0672433,-0.1414144
5GRG,-1.117434,-0.1169205
5GSD,-1.1201755,-0.13281171
5HGA,-1.096418,-0.10318754
5HGB,-1.013371,-0.09057307
5HGD,-1.0829715,0.017875256
5HGH,-1.1385037,-0.06372758
5HHM,-0.9558478,0.048165593
5HHN,-1.1091831,-0.009495439
5HHO,-0.96015847,0.059273157
5HHP,-1.0973452,0.014646184
5HHQ,-1.1190557,-0.023605859
5HYJ,-1.0742047,-0.07245658
5IB1,-1.1096642,-0.046089284
5IB2,-1.1335554,-0.05469774
5IB3,-1.1140664,-0.04547476
5IB4,-1.1244535,-0.0457989
5IB5,-1.0795752,-0.043027807
5IEH,-1.12404,-0.06432723
5IEK,-1.1360095,-0.052887067
5IM7,-1.0388211,-0.02154087
5INC,-1.019767,-0.06511683
5IND,-1.0563432,-0.025492685
5IRO,-0.3711552,0.058119293
5ISZ,-1.1196523,0.021895025
5IUE,-0.7201436,0.0058306535
5J1A,5.8861914,-0.7810591
5JHD,-1.1246456,-0.005804247
5JZI,-0.9869384,0.008744913
5KNM,-0.30937663,0.08462089
5L2J,5.205976,-0.80465806
5L2K,5.0898385,-0.81883776
5MEN,-1.0090072,0.028790465
5MEO,-1.0907485,0.0025539123
5MEP,-1.1168593,-0.059146654
5MEQ,-1.0925003,-0.010713341
5MER,-0.96792066,-9.5581876e-05
5N1Y,-1.1047993,-0.06894214
5N6B,-1.0968409,-0.085924976
5NHT,-1.0356863,-0.024071652
5NME,-0.95168245,-0.02742492
5NMF,-0.9599806,-0.06627688
5NMG,-1.0699625,-0.045132797
5NMH,-1.0796621,-0.025305135
5NMK,-1.0251966,0.00020716205
5NQK,-1.0037756,-0.011111342
5SWQ,-1.0685463,-0.046235614
5T6W,-1.1596446,-0.07690816
5T6X,-1.1644123,-0.06315178
5T6Y,-1.1770118,-0.04457848
5T6Z,-0.8693269,0.018527515
5T70,-0.9022117,0.03313034
5TEZ,-0.94233996,-0.016479133
5TXS,-1.0140166,-0.030722767
5U16,1.8583037,1.0189352
5U17,1.3923998,0.8699293
5U1R,1.8842136,1.0173316
5U2V,1.5293255,0.9156608
5U6Q,1.862201,1.0125402
5U72,1.7191939,0.9447219
5U98,-0.9306315,-0.0025475514
5V5L,-1.0611086,-0.034902956
5V5M,-1.09351,-0.028891074
5VGD,-0.27353808,0.044551384
5VGE,-0.6744247,-0.16017817
5VUD,-1.1562384,-0.080711626
5VUE,-1.1716179,-0.05114902
5VUF,-1.1373526,-0.03559095
5VVP,-1.1590515,-0.07226188
5VWD,-1.1623898,-0.03720688
5VWF,-1.1636661,-0.03739855
5VWH,-1.139495,-0.07422
5VWJ,-1.1355267,-0.039335184
5VZ5,-0.5905779,-0.037218228
5W1V,-0.4184338,0.070496805
5W1W,-0.36924532,0.05843209
5W67,-0.58482254,-0.016298044
5W69,-0.8395932,-0.00897275
5W6A,-0.7915694,-0.013742423
5WHK,6.306825,0.5191219
5WJL,-1.0544735,-0.09064532
5WJN,-1.0608677,-0.07998622
5WKE,5.124811,-0.82531685
5WKF,-1.0255845,-0.09197455
5WKG,5.0733576,-0.8243709
5WKH,-0.9060221,-0.08791429
5WKI,5.272752,-0.8225308
5WL1,5.2002163,-0.82102007
5WMN,-0.8942789,-0.06765713
5WMO,-1.0185021,-0.014707024
5WMP,-0.99136066,-0.06217543
5WMQ,0.025601191,0.070189804
5WMR,-0.20309557,0.012022657
5WSH,-1.0722228,-0.029359832
5WWI,-0.99326515,-0.08319974
5WWJ,-1.0954051,-0.09162482
5WWU,-1.0441177,-0.0754195
5WXC,-1.0937763,-0.090925515
5WXD,-1.0100214,-0.07562918
5XOS,-1.0694636,-0.057584003
5XOT,-0.8531347,0.003847062
5XOV,-1.010678,-0.09809416
5XS3,-0.5567349,0.070968635
5YXN,-1.1030754,-0.051510278
5YXU,-1.0722755,-0.036095932
6AEE,-0.9577763,0.002613242
6AM5,-1.0089406,-0.02375746
6AMT,-0.9921249,0.026814556
6AMU,-0.90043384,0.06681985
6APN,-1.0944865,0.004468712
6AT5,-0.95853436,-0.046892993
6AT9,-0.93189675,-0.11388355
6AVF,-0.6560077,0.040374998
6AVG,-0.75645185,-0.015422476
6BJ2,-0.6849826,-0.051179126
6BJ3,-0.59680057,0.005162405
6BJ8,-0.5600238,-0.0038339973
6BXP,-1.1543243,-0.041660063
6BXQ,-1.1797506,-0.056022484
6C09,5.6098523,-0.67638314
6C15,6.029633,-0.66858214
6C97,5.9911222,0.2037875
6C98,6.1299567,0.23324372
6C99,5.955121,0.19315545
6CUG,5.1241245,-0.78580076
6D29,-1.1865584,-0.0571026
6D2B,-1.140476,-0.053083174
6D2R,-1.1577122,-0.058079936
6D2T,-1.1345503,-0.047080137
6D64,5.2009826,-0.8218248
6D78,-0.8504502,-0.06443279
6D7G,-0.98593146,-0.01601985
6DKP,-0.9511953,-0.044839904
6EI2,-0.8869759,-0.08717958
6ENY,-0.86752474,0.013202895
6EQA,-1.0905783,-0.03008234
6EQB,-1.0558283,-0.02712626
6EWA,-1.0547135,0.016847223
6EWC,-1.1222965,-0.026294926
6EWO,-1.0013142,0.05510231
6FGB,5.759435,0.21139884
6G3J,-1.1250869,-0.04414399
6G3K,-0.98259187,-0.005525773
6GGM,-0.5562304,0.05921894
6GH1,-0.65654045,0.046508387
6GH4,-0.766033,0.011989347
6GHN,-0.57110345,0.038332377
6GL1,-0.7567008,0.056967046
6ID4,-1.0847509,-0.03527693
6IEX,-0.82968324,-0.051059723
6ILM,5.666846,0.13379191
6J1V,-1.0952512,-0.07066751
6J1W,-0.9426817,-0.029645396
6J29,-1.042532,-0.060642928
6J2A,-1.0149086,-0.079423495
6JOZ,-1.1563098,-0.12086824
6JP3,-1.1481671,-0.098376006
6JTN,-0.90162903,-0.0827773
6JTO,-0.77923834,0.023914494
6JTP,-0.8448518,-0.11880705
6K60,-0.50251096,0.057802267
6LA6,5.5437446,0.123807356
6LA7,5.5871396,0.15101452
6MPP,-0.26151377,-0.044287782
6MT3,-1.0545175,-0.070695005
6MT4,-1.1024271,-0.03814919
6MT5,-1.0946382,-0.023104085
6MT6,-1.1013455,-0.037667647
6MTL,-0.98995,0.0048727226
6MTM,-0.7690259,0.048581373
6MWR,2.1082518,0.71133345
6NCA,-1.0445323,0.056508925
6NHA,6.4009175,0.46088222
6NUX,5.6296916,-0.7127314
6O4Y,-1.1161562,-0.069670066
6O4Z,-1.0736258,-0.071986094
6O51,-1.0772519,-0.026281238
6O53,-1.017984,-0.03786185
6O9B,-0.9870511,-0.005408803
6O9C,-0.9822661,-0.03622041
6OPD,-1.1007702,-0.034348596
6P23,-0.97012377,-0.091458745
6P27,-0.9665187,-0.095288925
6P2C,-0.966093,-0.09577634
6P2F,-0.97303903,-0.099942975
6P2S,-0.9713625,-0.12240628
6P64,-1.0017847,-0.00933872
6PA1,0.0053044795,-0.1616098
6PAG,-0.67938566,-0.16610068
6PBH,-1.0590413,-0.0976599
6PTB,-1.1436952,-0.012023954
6PTE,-1.1568795,-0.054518126
6PUC,1.5581065,0.8924206
6PUD,1.5592695,0.91661507
6PUE,1.5876393,0.9194048
6PUF,1.7493105,0.9502917
6PUG,1.5400807,0.9251209
6PUH,1.5852053,0.90935963
6PUI,1.596152,0.9307914
6PUJ,1.8086598,0.9848472
6PUK,1.7646369,0.959829
6PUL,1.5742224,0.8964291
6PUM,1.7849085,0.958646
6PVC,1.5523516,0.8791474
6PVD,1.7547954,0.9599478
6PYJ,-1.0559307,-0.03180824
6PYL,-1.0064268,-0.014447994
6PYV,-1.1176131,-0.054218717
6PYW,-1.0775169,-0.03403184
6PZ5,-1.1260532,-0.050255317
6Q3K,-1.0169175,-0.079916716
6Q3S,-0.8533403,0.09148326
6QIO,5.907685,0.2126102
6QIP,5.8767104,0.20552054
6R2L,-1.0675766,0.04230565
6R2U,2.5027432,0.7147308
6RP9,-1.1464835,0.0023318673
6RPA,-1.034712,-0.092056766
6RPB,-1.1517236,-0.055057686
6RSY,-1.0684122,-0.0027308795
6SNY,6.066489,-0.11369431
6SS7,-1.057653,-0.05275939
6SS8,-1.0455973,-0.063684456
6SS9,-0.98290074,-0.03714857
6SSA,-1.0920154,-0.06954953
6TDO,-1.0258408,-0.059057184
6TDP,-1.055431,-0.04150954
6TDQ,-1.1305069,-0.0025623282
6TDR,-1.1093978,-0.072804295
6TDS,-1.0650021,-0.05982092
6TMO,-1.0899525,-0.033205412
6TRN,-1.0191942,-0.031463895
6TRO,-0.9038706,0.02960993
6UJ7,-0.6487208,-0.02149164
6UJ8,-0.80001277,-0.045590848
6UJ9,-0.81304806,-0.0031571575
6UJO,-1.1041948,-0.034652714
6UJQ,-1.093576,-0.02105393
6UK2,-1.0251753,0.010172671
6UK4,-1.0428091,0.01209001
6ULI,-0.8804302,-0.034418363
6ULK,-0.84193814,-0.013646577
6ULN,-0.6870103,-0.103351116
6ULR,-0.66727847,-0.10386036
6UON,-0.71233433,0.0060670376
6UZ1,-0.9846194,-0.040508747
6UZM,-0.92632014,-0.109682105
6UZN,-0.9839551,-0.113530345
6UZO,-0.8477084,-0.11597891
6UZP,-1.0087147,-0.06881047
6UZQ,-0.9156268,-0.11194007
6UZS,-0.9346564,-0.08032639
6V2O,-1.1713493,-0.043636564
6V2P,-1.1783295,-0.0418594
6V2Q,-1.1767753,-0.066337846
6V3J,-0.8685673,0.008976998
6V7Y,4.955593,-0.87470925
6V7Z,4.875046,-0.829663
6V80,4.7603397,-0.7987714
6VB0,-1.0100306,-0.10951388
6VB1,-1.0271754,-0.109812215
6VB2,-1.0288782,-0.10738821
6VB3,-0.9765138,-0.09164215
6VB4,-0.80413705,-0.14453684
6VB5,-0.9421677,-0.12845688
6VB6,-0.9649459,-0.12167492
6VB7,-0.9433901,-0.12898359
6VIU,-0.80413693,-0.14453681
6VM7,-1.0442015,-0.012136176
6VM8,-1.0547032,-0.007701552
6VM9,-0.88375014,0.02567255
6VMA,-0.97407925,-0.0011553325
6VMC,-0.98285556,-0.00070605223
6VMX,-0.8817927,0.032009043
6VPZ,-1.1478153,-0.059779767
6VQ2,-1.142588,-0.048705198
6VQD,-1.1167212,-0.05061346
6VQE,-1.1414322,-0.057987615
6VQO,-0.94808364,-0.015102365
6VQY,-1.0239898,-0.068356246
6VQZ,-1.0270689,-0.06929894
6VR1,-1.0789334,-0.048164148
6VR5,-1.0749576,-0.071136706
6VRM,-1.0261694,-0.07812404
6VRN,-0.85767835,-0.09697742
6W51,-1.1235962,-0.06675841
6W9U,1.6511121,0.9608432
6W9V,1.600024,0.9474809
6WNA,5.9048285,0.21467607
6WOL,6.1306324,0.25636864
6XQA,-0.96138805,-0.057771
6XQP,1.326255,0.81676733
6Y26,-1.1540332,-0.053297598
6Y27,-1.1475424,-0.044773486
6Y28,-1.1442318,-0.04778855
6Y29,-1.1446325,-0.033012353
6Y2A,-1.1495982,-0.045013744
6Y2B,-1.1493795,-0.036121204
6Z9V,-0.9429466,-0.017668508
6Z9W,-1.0962855,-0.021603718
6Z9X,-1.0269535,-0.02715777
6ZKW,-0.4224855,0.005014158
6ZKX,0.5125686,0.11369565
6ZKY,-0.3445612,-0.00045676535
6ZKZ,-0.32310078,-0.018798485
7ALO,-0.99022555,-0.025470428
7B5F,8.706701,0.55628103
7BBG,-1.1336231,-0.021746084
7BH8,-0.31548828,-0.0036479274
7C9V,5.715395,0.22830103
7CIQ,-1.1156824,-0.0465661
7CIR,-1.1434743,-0.041252732
7CIS,-1.1519297,-0.07567661
7DUU,-0.8938453,-0.08238114
7DYN,-1.1568834,-0.061339412
7DZM,-0.7179822,-0.0820078
7DZN,-0.89866996,-0.04753927
7EJL,-1.0179905,-0.09496314
7EJM,-0.99248534,-0.08616982
7EJN,-1.0460672,-0.09839477
7EU2,-0.9412283,-0.05174565
7F4W,-0.8844518,-0.060520656
7FI5,6.5500336,0.5597614
7FI6,6.418172,0.5819274
7FI7,6.3445063,0.56372726
7FI8,6.6255107,0.5595831
7FI9,6.3852305,0.5824521
7JYU,-0.99041325,-0.09498069
7JYV,-1.0081147,-0.061261382
7JYW,-0.8781882,-0.0058213687
7JYX,-0.8929439,-0.054302976
7K80,-0.869379,-0.0811443
7K81,-0.77511865,-0.064141944
7KGO,-1.1092327,-0.04920414
7KGP,-1.1124486,-0.0448247
7KGQ,-1.1226048,-0.036680277
7KGR,-1.0542444,-0.0041818516
7KGS,-1.0921652,-0.03528629
7KGT,-1.0983133,-0.079319075
7KOZ,5.4302626,-0.76719624
7KP0,5.3017173,-0.7703416
7KP1,5.592385,-0.76601154
7L1B,-1.0985519,-0.070619114
7L1C,-1.082222,-0.07068738
7L1D,-0.9819265,-0.03941297
7LFZ,-0.88110346,-0.026467541
7LG0,-0.2727926,0.17564552
7LG2,-1.1289515,-0.045098986
7LG3,-1.0461885,0.01714191
7LGD,-0.79482216,0.028470166
7LGT,-1.0217168,0.003097096
7LLI,2.053556,0.81121355
7LLJ,2.0921345,0.7784922
7M8S,-1.0835634,-0.012927152
7M8T,-1.0359268,-0.15750626
7M8U,-0.8750139,-0.060818814
7MJ6,-1.0714593,0.006896324
7MJ7,-0.98826116,-0.045639418
7MJ8,-1.0905781,-0.013894563
7MJ9,-1.0804687,-0.026041612
7MJA,-0.97356606,-0.07204137
7MKB,-1.0439585,0.019278614
7MLE,-1.0487919,-0.057866484
7MX4,4.9889145,-0.7327437
7MXF,5.089252,-0.74764556
7MXH,5.7182784,-0.66947055
7N1A,-0.63398165,-0.028219353
7N1B,-1.1491709,-0.021061182
7N1E,-1.1582948,0.0029228968
7N1F,-1.1081101,-0.010264404
7N2N,-1.1130013,-0.06633239
7N2O,-1.0924249,-0.084405795
7N2P,-1.0726548,-0.086756416
7N2Q,-0.98428535,-0.046460327
7N2R,-1.0390887,-0.0932005
7N2S,-1.0494093,-0.072401136
7N6D,-0.7068675,0.019025058
7N6E,-0.73065424,0.04311152
7NDQ,-0.39132634,0.11528429
7NDT,-0.64432573,0.058168612
7NDU,0.103031576,0.20876536
7NMD,-1.0345424,-0.04996776
7NME,-0.64559406,-0.025512312
7NMF,-0.7381966,-0.03511978
7NMG,-0.7450975,-0.020911278
7NUI,0.27630135,0.14340864
7OKS,5.9280686,-0.06425537
7OKT,6.585993,-0.094994925
7OKU,5.938369,-0.12255144
7OKV,5.879306,-0.046541788
7OW3,-1.0077246,-0.07301647
7OW4,-1.1066827,-0.107073046
7OW5,-1.0336401,-0.11243757
7OW6,-1.0870403,-0.11000101
7P3D,-0.992368,0.03583645
7P3E,-0.5914287,0.022580897
7P49,-0.7373296,0.068394005
7P4B,-0.75232154,0.06593869
7PB2,-0.9300331,-0.10594256
7PBC,-0.94100773,0.019071136
7PBE,-0.78563225,0.0007310229
7PDW,-0.966849,0.011058054
7PHR,-1.0528188,-0.0040119216
7Q15,5.4787116,0.35213843
7Q5D,6.1820407,-0.10621663
7Q98,-1.088389,-0.004974992
7Q99,-1.0978032,-0.03711279
7Q9A,-1.128056,0.030089127
7Q9B,-0.7964145,-0.0337696
7QPD,0.21884401,0.31144452
7QPJ,-1.0664265,-0.017424474
7R7V,-1.0778363,-0.05863359
7R7W,-1.0859755,-0.05369775
7R7X,-1.0626093,-0.032232165
7R7Y,-1.1409365,-0.053109583
7R80,-0.8372801,-0.05000822
7RE7,-0.9835165,-0.023252655
7RE8,-1.1301628,-0.008786506
7RK7,-1.037582,-0.013456303
7RM4,-1.0624113,-0.0466236
7RNO,2.9439085,0.7075727
7RRG,-0.90082824,-0.08172139
7RTD,-1.0649418,-0.0134808
7RTR,-1.0783066,0.008195019
7RYM,6.133141,-0.76043457
7RYN,6.068634,-0.75606334
7RYO,5.537083,-0.6976743
7RZD,-0.8787303,-0.10267966
7RZJ,-0.89801234,-0.10748677
7S79,-0.86857307,-0.11540889
7S7D,-0.8737572,-0.1127763
7S7E,-0.8206902,-0.06935773
7S7F,-0.8511436,-0.052355774
7S8A,-0.9838285,-0.060054068
7S8E,-0.90355426,-0.10677622
7S8F,-0.9004125,-0.10337739
7S8Q,-1.1354294,-0.11449005
7S8R,-0.9505651,-0.063805446
7S8S,-0.9818892,-0.052864913
7SA2,-0.99899036,-0.041588966
7SH4,5.586978,-0.7765612
7SIF,-1.0174549,-0.024524795
7SIG,-0.8538661,0.0032493812
7SIH,-1.0580615,-0.0265573
7SIS,-1.1265606,-0.044425298
7SQP,-1.0603092,0.0080743795
7SR0,-1.0881989,0.022156844
7SR3,-1.0420572,0.023514314
7SR4,-0.9940918,0.036607414
7SR5,-1.0631226,0.017652554
7SRK,-1.1249759,0.007085459
7SSH,-1.0164968,0.019790838
7ST3,-1.0468063,-0.009395052
7STF,-0.4558517,0.117208295
7STG,-1.1095077,-0.006807189
7SU9,-0.9429484,-0.08153789
7T0L,-1.0033199,-0.04678696
7T5M,-0.79448,0.06310009
7TLT,-0.99848914,-0.088268116
7TR4,-1.1397028,-0.039552886
7TUC,-1.0884036,-0.05311129
7TUD,-0.7113838,-0.0578407
7TUE,0.26387188,0.07227718
7U1R,-1.095446,-0.047717966
7U21,-1.1436725,-0.077601574
7UC5,-0.9417634,-0.0365983
7UFJ,1.6111468,0.94809633
7UM2,-1.1082934,-0.0701136
7UMG,1.8917089,0.7828597
7UR1,-1.0700105,-0.0580149
7WJ2,-0.8627278,-0.025768034
7WJ3,-0.6430051,-0.07139342
7WKJ,-0.7182008,0.0033605122
7WT3,-1.1288328,-0.07172853
7WT4,-1.074685,-0.10361069
7WT5,-1.1160672,-0.045671467
7WZZ,-1.13299,-0.029167103
7X00,-1.1159658,0.002859227
7X1B,-1.0981536,-0.043715272
7X1C,-1.1239297,-0.042727668
7XF3,-1.0022385,-0.050440148
7XXA,7.9462075,0.31691596
7YG3,-1.0698324,0.03368269
7ZT2,1.2803138,0.81657946
7ZT3,1.2151426,0.85845625
7ZT4,1.5438143,0.89199495
7ZT5,1.5270275,0.8980053
7ZT7,1.531266,0.894012
7ZT8,1.3445892,0.84196717
7ZT9,1.286811,0.8175656
7ZUC,-0.6223076,-0.0030846829
8BP6,1.7850288,0.7714881
8C44,6.193285,-0.12208184
8CX4,-1.0562538,-0.06568656
8DNT,-0.65042746,0.07353131
8DV3,5.242096,-0.8221819
8DV4,5.188698,-0.78857154
8DVG,-1.0549816,-0.06089743
8E13,-0.39545378,-0.08165067
8E2Z,0.08179715,-0.02400329
8E8I,-0.41215816,-0.06386868
8EB2,-1.1442385,-0.025782952
8EC5,0.74201477,0.058776114
8EK5,-0.7655158,-0.011628098
8ELG,-1.115061,-0.08548061
8ELH,-1.1006933,-0.09661625
8EMF,-0.8904036,-0.054212723
8EMG,-0.85591525,-0.061245482
8EMI,-0.8820293,-0.05843856
8EMJ,-0.8378468,-0.054272864
8EMK,-0.9457987,-0.05469337
8EN8,-0.8383033,-0.02069028
8ENH,-0.58939505,-0.014449555
8EO8,-0.5930691,-0.021887176
8ERX,-0.83261013,-0.034251615
8ES8,-0.9532422,-0.0007874276
8ES9,-0.9460136,0.0107467165
8ESA,-0.6717128,0.05209865
8ESB,-0.707525,0.051501904
8ESH,-0.66866547,-0.0210556
8F5A,-1.047967,-0.021014662
8F7M,-1.1813853,-0.03691491
8FJA,-0.96913683,0.0065376693
8FJB,-0.8849494,0.04412701
8FRT,-0.9271604,0.021739239
8FU4,-1.0969399,-0.05354411
8GLE,5.263307,-0.8244306
8GLF,5.228688,-0.8273848
8GLG,5.220326,-0.7771537
8GLH,5.205565,-0.79677695
8GLI,5.309065,-0.82312983
8GOM,-1.1450782,0.005809157
8GON,-1.1390637,-0.020192383
8GVB,-0.92001635,-0.056895666
8GVG,-0.8864243,-0.041228462
8GVI,-0.9636308,-0.06686121
8HN4,-0.89319503,-0.04823507
8I5C,-1.0213948,-0.036765512
8I5D,-1.06966,-0.06958321
8I5E,-1.0767808,-0.11054719
8ISN,-1.0568138,-0.09196643
8QFY,-0.52093214,-0.03960388
8RBU,-0.382956,-0.04115774
8RBV,-1.0969766,-0.05244974
8RCV,-1.0371499,0.03459776
8REF,-0.9563462,-0.0010022861
8RH6,-0.32768065,-0.020504875
8RHQ,-0.41100964,0.030893613
8RJ5,-0.9304769,-0.12099562
8RJH,-1.010392,-0.097224124
8RJI,-1.0480917,-0.06789673
8RLT,-0.5981137,0.06820108
8RLU,-0.5333908,0.050740745
8RLV,-0.5460438,0.06542823
8RNE,-0.63931435,-0.024378913
8RNF,-0.6132791,0.04454002
8RNG,-1.0914667,-0.09695383
8RNH,-1.0820742,-0.0731672
8ROO,-1.0886021,-0.076340325
8ROP,-1.0358926,-0.09514547
8RRO,-0.9644712,-0.053816814
8RYM,-1.0574714,-0.036017593
8RYN,-1.0668459,-0.047761075
8RYO,-1.0312073,-0.05905727
8RYP,-1.145333,-0.07626094
8RYQ,-1.1258556,-0.056720663
8SBK,-1.0476046,-0.05745816
8SBL,-0.9464961,-0.060586274
8SGB,5.115494,-0.7968678
8SGM,5.2155013,-0.81196725
8SHI,-0.7362521,0.007956034
8SOS,4.6711454,-0.84658355
8T6M,-0.8218795,0.015060662
8T7R,-0.754013,-0.12157045
8TBV,-1.0871522,0.00378296
8TBW,-1.0878217,0.011815695
8TLZ,6.513111,0.6101405
8TM0,6.825592,0.62874883
8TM2,6.6266637,0.58551735
8TMU,-0.89817077,-0.033233985
8TNJ,-0.6006827,0.008386054
8TUB,-0.8011937,-0.044358436
8TUH,-0.65771323,0.03671502
8U9G,-1.1386305,-0.027589053
8UDR,-0.9018725,-0.062091526
8V4Z,-0.591458,0.037406135
8V50,-0.6523897,-0.0049607493
8V51,-0.4390675,0.022014758
8VCL,-1.0957822,-0.0667151
8VJZ,-1.0878943,-0.07388194
8VR9,-1.0637063,-0.07798136
8VRA,-0.87167054,-0.04144089
8VRB,-1.0140283,-0.06585342
8WTE,-1.0222429,-0.06490499
8WUL,-1.1232611,-0.0720431
8XES,-1.0547652,-0.15158576
8XFZ,-0.80300575,-0.10323306
8XG2,-1.1043409,-0.116001084
8XKC,-1.0434189,-0.07364697
8XKE,-1.029091,-0.074910454
8Y6X,1.5282049,0.8928963
8YE4,-0.886288,-0.051394448
8YIV,-1.0347059,-0.0188788
8YJ2,-0.96999156,-0.01943625
8ZOX,5.3160443,-0.7704457
8ZV9,-0.877262,-0.111112975
9ASF,-1.0911199,-0.059767332
9ASG,-0.9664502,-0.042606737
9BL2,-0.8865467,0.00080174796
9BL3,-0.85878646,0.008781553
9BL4,-0.8949924,-0.0042911107
9BL5,-0.8446019,-0.01373048
9BL6,-0.89150995,-0.026335053
9BL9,-0.68932,-0.01734867
9BLA,-0.8355951,-0.064547285
9BTX,1.7975856,0.991468
9BTY,1.6272483,0.94369364
9BTZ,1.6888839,0.97340125
9BU0,1.8872012,1.0131056
9C3E,1.1989839,0.30533907
9C6V,-1.1374104,-0.11357962
9C6W,-1.11479,-0.09841269
9C6X,-1.1229229,-0.09119506
9CGR,1.537944,0.9252293
9CGS,1.928035,1.027623
9DL1,-1.1057744,-0.0822621
P01889,-1.1040548,-0.026472712
P01893,-1.1431231,0.0022358806
P04439,-1.1834924,-0.06654573
P06126,4.9162774,-0.8177558
P10321,-1.0661768,-0.0613884
P13747,-1.0076252,0.07652033
P15812,5.5304585,-0.7860853
P15813,5.020997,-0.7935973
P17693,-1.1572392,-0.057728086
P25311,2.6134942,0.74816924
P29016,5.0829453,-0.8179736
P29017,5.197761,-0.6862864
P30511,-1.0257348,-0.034531467
P55899,5.8675957,0.18587878
Q29980,5.570123,0.4614757
Q29983,5.7867823,0.5380853
Q30201,3.6239064,0.49636284
Q5VY80,7.1559434,0.50629586
Q6H3X3,6.3901415,0.26801652
Q8TD07,5.4733777,0.4227517
Q95460,1.8487725,0.8644818
Q9BZM4,6.7373385,0.47736406
Q9BZM5,7.192593,0.48307118
Q9BZM6,4.7879124,0.029850077
Q9UNN8,5.0205407,-0.16682263
