PDB,PC1,PC2
1A1M,-0.97108585,0.032702237
1A1N,-0.66645473,0.046671446
1A1O,-0.89638466,-0.0013204693
1A6Z,3.0876303,-0.11840881
1A9B,-0.46830863,-0.0055339416
1A9E,-0.70696026,0.04824083
1AGB,-0.9393954,0.0701
1AGC,-0.89968437,0.08957017
1AGD,-0.9159395,0.10145183
1AGE,-0.90632206,0.10104397
1AGF,-0.9366275,0.060622025
1AKJ,-0.97568715,0.050275613
1AO7,-0.9361869,0.07941705
1B0G,-1.034679,0.016398642
1B0R,-0.91716033,-0.0002288735
1B3J,6.6392183,-0.24552439
1BD2,-1.04311,0.07064535
1CG9,-0.6056301,0.013459681
1DE4,3.3547754,-0.19644505
1DUY,-1.0083327,0.034371313
1DUZ,-1.0220555,0.037525695
1E27,-1.0112423,0.061953336
1E28,-0.9250325,0.0937681
1EEY,-1.08598,0.023173839
1EEZ,-1.0571882,0.007009287
1EFX,-0.8463278,0.09396274
1EXU,5.082818,-0.100924656
1GZP,4.7268834,0.77701676
1GZQ,4.7012906,0.73071706
1HHG,-1.0061233,0.021918524
1HHH,-0.9761816,0.06457925
1HHI,-1.0344442,0.014806954
1HHJ,-0.98656726,0.003110841
1HHK,-1.031735,0.028766911
1HSA,-0.8617491,0.07923686
1HSB,-0.98556817,0.13287392
1HYR,6.160569,-0.28479925
1I1F,-1.0426605,0.04669912
1I1Y,-1.0094744,0.038976084
1I4F,-0.9579242,0.10693408
1I7R,-0.9916485,0.020416567
1I7T,-1.0277262,0.038170263
1I7U,-0.99762577,0.015847415
1IM3,-1.0527052,0.072648935
1IM9,-0.65231127,0.01915443
1JE6,5.159116,-0.07700944
1JF1,-1.0637536,0.08344409
1JGD,-0.9474849,0.07889792
1JGE,-1.0224763,0.07159609
1JHT,-1.0168885,0.06555466
1K5N,-1.0306165,0.07935403
1KCG,6.688085,-0.101419106
1KPR,-0.69943607,-0.013524965
1KTL,-0.6845249,-0.0122110415
1L8J,6.0202794,0.3203306
1LP9,-0.9263939,0.040493127
1LQV,5.17358,0.23346065
1M05,-0.7763531,0.0713896
1M6O,-1.0409691,0.08363825
1MHE,-0.63209945,-0.0037084196
1MI5,-0.22947705,0.037445236
1N2R,-0.99375105,0.08424061
1OF2,-1.0005257,0.07635715
1OGA,-1.0736629,0.016731918
1OGT,-1.0084338,0.08331404
1ONQ,5.384909,0.6556368
1P7Q,-0.84729093,0.04925176
1Q94,-1.0212432,0.06359653
1QEW,-1.0444572,0.08931274
1QQD,-0.57889086,0.019839512
1QR1,-1.0793958,0.034234457
1QRN,-0.9452163,0.102482446
1QSE,-0.98042005,0.09148987
1QSF,-0.9490622,0.09655094
1QVO,-1.0270826,0.08901572
1S8D,-1.0312917,0.07351208
1S9W,-0.9941876,0.079175636
1S9X,-0.9939909,0.07840553
1S9Y,-1.0016237,0.08161235
1SYS,-0.9449095,0.102090485
1SYV,-1.0058993,0.08019558
1T1W,-1.0230587,0.06750212
1T1X,-1.0323933,0.06597669
1T1Y,-1.0147513,0.05024055
1T1Z,-0.98008215,0.05239216
1T20,-0.99310976,0.0440211
1T21,-1.0327996,0.0653158
1T22,-1.0498629,0.10564708
1T7V,2.5780206,-0.7039517
1T7W,2.5741222,-0.6994027
1T7X,2.6544518,-0.6918328
1T7Y,2.578219,-0.7002453
1T7Z,2.5565166,-0.70635486
1T80,2.5392525,-0.6625417
1TMC,-0.79871243,0.0365891
1TVB,-1.1076138,0.04521379
1TVH,-1.0969044,0.035847824
1UQS,5.056234,0.75288594
1UXS,-1.0223935,0.06906652
1UXW,-1.0519464,0.06378265
1W0V,-1.0538621,0.06508165
1W0W,-1.048679,0.07356527
1W72,-0.8977731,0.111138284
1X7Q,-1.0442877,0.08451166
1XH3,-0.94184077,0.05044813
1XR8,-0.93169796,0.07785736
1XR9,-0.89512295,0.09128089
1XZ0,5.421342,0.6685072
1YDP,-0.9028531,-0.027600834
1ZAG,2.4031546,-0.69080156
1ZHK,-0.80087376,0.08667215
1ZHL,-0.90993005,0.08605769
1ZSD,-0.90988404,0.057164267
1ZT4,4.604899,0.7472304
2A83,-0.97718626,0.046299968
2AK4,-0.5405935,0.060484555
2AV1,-1.0379211,0.026430575
2AV7,-1.0458907,0.03163298
2AXF,-0.8568138,0.052421577
2AXG,-0.8521319,0.04337749
2BCK,-0.9957892,0.10117425
2BNQ,-1.0663719,0.055521548
2BNR,-1.0654866,0.07916526
2BSR,-1.048736,0.067934886
2BSS,-1.0355068,0.091829434
2BST,-1.0744224,0.10298419
2BVO,-0.9776215,0.042760517
2BVP,-0.95316386,0.027916256
2BVQ,-0.9129729,0.051270947
2C7U,-0.9022049,0.046953868
2CIK,-0.69535756,0.03337923
2CLR,-1.0038937,-0.0105946055
2D31,-0.73496544,0.000879523
2DYP,-0.9792396,0.022885675
2ESV,-0.44434103,0.0012315204
2F53,-1.0638614,0.0653052
2F54,-1.0279858,0.04484861
2FYY,-0.8476765,0.064633414
2FZ3,-0.8642009,0.052850205
2GIT,-1.0563833,0.036498044
2GJ6,-1.0229971,0.09146992
2GT9,-1.0502869,0.071862705
2GTW,-1.0471196,0.058333613
2GTZ,-1.0445553,0.044274975
2GUO,-1.0790035,0.06441064
2H26,5.1124725,0.74113095
2H6P,-0.8082776,0.049759444
2HJK,-0.9917287,0.06548283
2HJL,-0.9725761,0.05268231
2HLA,-0.92056435,0.078992315
2HN7,-1.0521952,0.092932455
2J8U,-0.94956696,0.038382553
2JCC,-0.93402445,0.06307372
2NW3,-0.93852955,0.039433967
2NX5,-0.7708394,0.04315859
2P5E,-0.92690057,0.052526925
2P5W,-0.9180939,0.039570622
2PO6,4.8516016,0.7630875
2PYE,-0.90004206,0.0358251
2RFX,-1.008303,0.08968995
2UWE,-0.929126,0.022506703
2V2W,-1.0263066,0.022189971
2V2X,-1.0775783,0.03306899
2VLJ,-0.98158824,0.029835043
2VLK,-1.004972,0.025706459
2VLL,-1.0707852,0.029151062
2VLR,-0.5884222,0.019349093
2WY3,5.606694,-0.198995
2X4N,-1.0236192,0.071776666
2X4O,-0.9881477,0.057772994
2X4P,-0.99655867,0.08712089
2X4Q,-1.0277902,0.08150677
2X4R,-1.0037946,0.08052632
2X4S,-1.0716819,0.05584682
2X4T,-0.9974607,0.10869534
2X4U,-1.0202742,0.07880024
2X70,-0.9928952,0.08913064
2XPG,-0.97934467,0.098701514
2YPK,-0.9923826,0.057172414
2YPL,-0.937044,0.040061135
3AM8,-0.33860156,-0.010214143
3B3I,-1.0524361,0.087830916
3B6S,-1.0579365,0.07157651
3BGM,-0.9272603,0.07514126
3BH8,-0.95914924,0.05927173
3BH9,-1.0078348,0.06594773
3BHB,-0.8909447,0.014736323
3BO8,-1.0387189,0.1301669
3BP4,-1.0358223,0.10122811
3BP7,-0.9790731,0.08387071
3BVN,-0.9461268,0.07269461
3BW9,-0.96349776,0.043652177
3BWA,-0.9979312,0.046938743
3BXN,-1.0559925,0.06578174
3BZE,-0.41463193,-0.0017987397
3BZF,-0.31419492,-0.055317134
3C9N,-0.9235016,0.09302179
3CDG,-0.45921504,0.0035388388
3CII,-0.32287985,-0.009324388
3CZF,-1.0119449,0.061367024
3D18,-1.0433786,0.06541774
3D25,-1.0133697,0.07203085
3D2U,4.227635,-0.21926767
3D39,-1.0178354,0.08287848
3D3V,-1.001006,0.10052647
3DTX,-1.0542344,0.08563164
3DX6,-1.0434093,0.08374144
3DX7,-0.9848316,0.08131851
3DX8,-0.94630927,0.064290844
3DXA,-0.8233323,0.035281975
3ES6,2.8053348,-0.69736016
3FFC,0.015710652,0.04698523
3FQN,-1.0434214,0.10592672
3FQR,-1.0197886,0.07656135
3FQT,-1.0147789,0.112261534
3FQU,-1.0233432,0.115854725
3FQW,-1.0555797,0.124456905
3FQX,-1.0240648,0.12583368
3FT2,-1.0118058,0.0776076
3FT3,-0.9616219,0.07123183
3FT4,-0.9764265,0.064879425
3GIV,-1.0815912,0.054887354
3GJF,-1.0519413,0.04720448
3GSN,-0.90910435,0.073823474
3GSO,-0.9857018,0.094827995
3GSQ,-1.0082377,0.104051456
3GSR,-1.002671,0.09451213
3GSU,-1.0046909,0.08883443
3GSV,-0.9927261,0.09593854
3GSW,-1.0388482,0.062316913
3GSX,-1.0032943,0.10379394
3H7B,-1.099125,0.046082195
3H9H,-0.7634031,-0.0023351023
3H9S,-0.7437312,0.010565337
3HAE,-0.958015,0.02324163
3HCV,-1.0863392,0.07535132
3HG1,-1.0206044,0.061652355
3HLA,-1.0085119,0.06209357
3HPJ,-1.0678736,0.027486
3HUJ,4.9289575,0.6972841
3I6G,-1.0401399,0.0643147
3I6K,-0.9536623,0.025036063
3I6L,-0.9934514,0.07320791
3IT8,7.2406826,-0.11880695
3IXA,-0.6450057,0.037696995
3JTC,5.2605267,0.18758473
3KLA,-1.0517448,0.04225798
3KPL,-1.030477,0.08108515
3KPM,-1.0420669,0.073583566
3KPN,-1.011887,0.08593606
3KPO,-1.04449,0.066391945
3KPP,-1.0108415,0.10646314
3KPQ,-0.9935059,0.07041483
3KPR,-0.87918437,0.117248766
3KPS,-0.87837386,0.10764291
3KWW,-0.9035793,0.07347617
3KXF,-0.5657629,0.058808565
3KYN,-0.7892363,-0.019402713
3KYO,-0.85333824,0.0036793705
3L3D,-1.044535,0.08192121
3L3G,-1.0173658,0.083083116
3L3I,-1.0443871,0.08533885
3L3J,-1.0140122,0.08171467
3L3K,-0.99456024,0.09414999
3LKN,-0.8181799,0.06532403
3LKO,-0.89074665,0.057723604
3LKP,-0.8343032,0.059804827
3LKQ,-0.82034636,0.0571226
3LKR,-0.8619958,0.061793465
3LKS,-0.80795294,0.05213464
3LN4,-0.969908,0.043899257
3LN5,-0.9296345,0.025572723
3LV3,-1.0015118,0.08209684
3M17,5.9291816,-0.12722221
3M1B,5.734303,-0.1698543
3MGO,-1.0791229,0.045044642
3MGT,-1.0378882,0.04853242
3MR9,-0.9900192,0.0966519
3MRB,-1.0007135,0.07470089
3MRC,-0.9847524,0.09167074
3MRD,-0.96268725,0.081247985
3MRE,-0.9679333,0.065635614
3MRF,-0.9616899,0.069148794
3MRG,-0.997998,0.085709184
3MRH,-0.96295387,0.048331052
3MRI,-0.9317442,0.081739515
3MRJ,-1.0696527,0.0869866
3MRK,-0.97039646,0.11760542
3MRL,-1.0176818,0.0760466
3MRM,-0.95868874,0.10472634
3MRN,-0.90540475,0.119483225
3MRO,-0.9974719,0.07841435
3MRP,-1.0073833,0.075582206
3MRQ,-1.0153083,0.1207739
3MRR,-0.9928364,0.06645908
3MV7,-0.43527356,0.03511644
3MV8,-0.4327031,0.05867018
3MV9,-0.2994404,0.024015265
3MYJ,-1.0575337,0.03258043
3NFN,-1.0634425,0.090690404
3O3A,-1.0604885,0.06711317
3O3B,-1.0844464,0.0461455
3O3D,-1.0894041,0.049801953
3O3E,-1.0943196,0.06302426
3O4L,-0.9962223,0.051503766
3OV6,5.2248406,0.53860635
3OX8,-0.93835706,0.014461506
3OXR,-1.0553405,0.079494774
3OXS,-1.0213832,0.10699449
3PWJ,-1.1006926,0.035985444
3PWL,-1.0263622,0.046946406
3PWN,-1.0828212,0.04992984
3PWP,-1.0472728,0.07305276
3QDG,-0.8445128,0.12127365
3QDJ,-0.8436059,0.13131073
3QDM,-1.0637333,0.09085485
3QEQ,-1.0236875,0.07892947
3QFD,-1.0386518,0.058215316
3QFJ,-1.0385003,0.09592366
3QZW,-1.0467205,0.09960537
3REW,-1.1037914,0.037549566
3RL1,-0.995954,0.072334625
3RL2,-0.88107634,0.073396556
3S6C,5.1664724,0.5979245
3SDX,4.7846904,0.73204446
3SJV,0.18056393,0.051621795
3SKM,-0.5212702,0.0138526615
3SKO,-0.6165037,0.0528239
3SPV,-0.42952988,0.085416175
3T8X,5.178727,0.69089425
3TO2,-1.0723665,0.07975351
3TZV,4.7903743,0.7152394
3U0P,4.135878,0.6386666
3UPR,-0.7875696,0.02232716
3UTQ,-0.96685797,0.1295479
3UTS,-1.079746,0.10713104
3UTT,-0.45892718,0.008631422
3V5D,-0.9854693,0.04102774
3V5H,-1.0244155,0.08176015
3V5K,-0.99691886,0.07951477
3VCL,-0.916606,0.06740628
3VFM,-0.91936165,0.072097965
3VFN,-0.81534296,0.10320708
3VFO,-0.91348183,0.09299851
3VFP,-0.9113487,0.09675358
3VFR,-0.8762257,0.06971127
3VFS,-0.93081474,0.080887154
3VFT,-0.91669977,0.07643143
3VFU,-0.83897907,0.09910292
3VFV,-0.86585736,0.07397076
3VFW,-0.9041028,0.073535115
3VH8,-0.7423447,0.02680972
3VRI,-0.97556484,0.07996516
3VRJ,-0.9685075,0.06489512
3VWJ,5.10613,0.64847016
3VWK,5.193928,0.70627
3VXM,-0.91234607,0.111271545
3VXN,-1.0649089,0.13016702
3VXO,-1.0705591,0.07502862
3VXP,-1.0033001,0.12025283
3VXR,-0.81310517,0.084431805
3VXS,-0.8065313,0.084456496
3VXU,-1.0473902,0.09297273
3W0W,-1.0176339,0.07395079
3W39,-0.8426698,0.07682459
3WL9,-1.0056133,0.15009709
3WLB,-1.0153869,0.14059055
3WUW,-0.76653236,0.030586084
3X11,-1.047148,0.11480849
3X12,-0.71372074,0.10902398
3X13,-0.4317119,0.05540823
3X14,-0.40655535,0.05888475
4E5X,-1.0215919,0.07766835
4EN3,5.3142347,0.71303976
4EUP,-0.9589712,0.09553623
4F7M,-1.0059718,0.14334495
4F7P,-0.8988892,0.11947745
4F7T,-0.6550375,0.101555124
4FFE,7.3495555,-0.46887085
4FTV,-0.97312945,0.1333155
4G8G,-0.9452349,0.0981493
4G8I,-1.0604361,0.10458044
4G9D,-1.0526298,0.10808465
4G9F,-0.9575366,0.112217896
4GKN,-0.7745108,0.10441661
4GKS,-0.830552,0.10224304
4GUP,2.0381286,-0.78914595
4HWZ,-1.0008665,0.13727765
4HX1,-0.99425095,0.09274399
4I48,-0.90451145,0.09123716
4I4W,-1.018508,0.055910975
4JFD,-0.9749685,0.09713599
4JFE,-0.9951307,0.06643841
4JFF,-1.023453,0.0794611
4JFO,-1.0505358,0.03672458
4JFP,-1.0628713,0.089566946
4JFQ,-1.1048815,0.08166846
4JQV,-0.98967266,0.116763644
4JQX,-1.0460778,0.096389964
4JRX,-0.5439624,0.06655001
4JRY,-0.5232381,0.079279214
4K71,5.874068,-0.122609206
4K7F,-1.0488722,0.050025035
4L29,-0.9439341,0.09353702
4L3C,-0.9670792,0.0906614
4L3E,-0.925223,0.09941744
4L4T,1.4672498,-0.94673234
4L4V,1.3072761,-0.92514247
4LCW,1.6101606,-1.0544047
4LCY,-0.7192944,0.10611257
4LHU,4.8329215,0.7014672
4LNR,-0.8992774,0.06236921
4MJ5,-1.0509262,0.090507306
4MJ6,-1.0578107,0.14026813
4MJI,-0.5760026,0.09779797
4MNG,4.870974,0.7521766
4MNQ,-0.9152897,0.027428463
4MQ7,5.589836,0.6269262
4N0F,5.992757,-0.14710683
4N0U,5.9045024,-0.14919952
4N8V,-0.95592916,0.12971176
4NNX,-0.9349375,0.10835083
4NNY,-0.9206415,0.13571343
4NO0,-0.8741853,0.04222595
4NO2,-0.87290776,0.086250864
4NO3,-0.8847612,0.07053308
4NO5,-0.97264886,0.06070759
4NQC,1.7434702,-1.085784
4NQD,1.4640684,-0.9508006
4NQE,1.465338,-0.9502988
4NQV,-0.9932765,0.097341485
4NQX,-0.9957501,0.09942803
4NT6,-0.55686045,0.05910636
4O2C,-1.0546879,0.08471665
4O2E,-0.85947824,0.11067759
4O2F,-0.6938506,0.10142928
4ONO,5.30999,0.5246941
4PDC,7.1824617,-0.49206045
4PJ5,1.6861957,-1.0647625
4PJ7,1.6364235,-1.038927
4PJ8,1.5812371,-0.8864957
4PJ9,1.3962286,-0.9316236
4PJA,1.5714746,-1.035456
4PJB,1.488921,-0.9291368
4PJC,1.6057378,-1.0518632
4PJD,1.4356714,-0.9449932
4PJE,1.547851,-1.0232359
4PJF,1.6481737,-1.0407768
4PJG,1.8184454,-1.0310485
4PJH,1.4541461,-0.98169065
4PJI,1.5515975,-1.021026
4PJX,1.4840162,-0.96528316
4PR5,-0.88944983,0.030992556
4PRA,-0.8474499,0.036601227
4PRB,-0.9044248,0.0155790355
4PRD,-0.85544777,0.015544259
4PRE,-0.8799797,0.015874282
4PRH,-0.36780876,-0.0020054982
4PRI,-0.28809977,5.8004192e-05
4PRN,-0.9050322,0.03612853
4PRP,-0.47877285,-0.006814814
4QOK,-0.99497885,0.021852635
4QRP,-0.016974438,0.032142546
4QRQ,-0.34798962,-0.0185851
4QRR,-0.84311193,-0.0027638038
4QRS,-0.31662554,0.03700007
4QRT,-0.24305563,0.008558762
4QRU,-0.28319576,0.03382673
4S0U,6.874084,-0.08055227
4U1H,-0.9450249,0.029836345
4U1I,-0.8998595,0.045685988
4U1J,-0.9673101,0.0142636495
4U1K,-0.82096714,-0.00461743
4U1L,-0.65874225,0.011866808
4U1M,-0.97473145,0.033809096
4U1N,-0.9760881,0.040593
4U1S,-0.93389165,0.04340074
4U6X,-0.8962255,0.019066801
4U6Y,-0.9427381,0.024596803
4UQ2,-1.0569737,0.067937285
4UQ3,-0.91717595,0.0488533
4V3D,5.8587885,0.13816798
4V3E,5.5048895,0.15254213
4WJ5,-1.0072858,-0.007282658
4WO4,5.2451453,0.637253
4WU5,-1.0259157,0.07557003
4WU7,-0.9672594,0.04176513
4WUU,-1.0012581,0.025881106
4WW2,5.099592,0.6610084
4WWK,5.1702166,0.65662295
4X6C,5.985836,0.45048702
4X6D,5.3765635,0.5623262
4X6E,6.1193843,0.49070778
4X6F,6.23164,0.51617247
4XXC,-0.99607104,0.10030536
5B38,-0.7330525,0.02102361
5B39,-0.70930785,0.0028550304
5BJT,5.8148093,-0.07163991
5BRZ,-0.80265534,0.11912047
5BS0,-0.94660884,0.14263864
5BXF,5.9348264,-0.13510172
5C07,-1.0173483,0.06947132
5C08,-1.0245498,0.09853771
5C09,-1.0388412,0.042521227
5C0A,-1.0279493,0.09051052
5C0B,-1.0063299,0.044386163
5C0C,-1.0367012,0.04522083
5C0D,-0.9511922,0.09206237
5C0E,-1.0107852,0.08243559
5C0F,-1.019191,0.08495431
5C0G,-1.0352829,0.048523776
5C0I,-1.0409735,0.067790054
5C0J,-1.0453866,0.09551128
5C9J,5.2516527,0.6024548
5D2L,-0.75273436,0.025039786
5D2N,-0.9578583,0.051382203
5D5M,1.643333,-1.0164895
5D7I,1.7175578,-1.0430585
5D7J,1.6968608,-1.0459844
5D7L,1.629556,-0.92636627
5D9S,-1.0164299,0.071577705
5DDH,-0.86221135,0.057856984
5DEF,-1.0820212,0.05441494
5DEG,-1.0703857,0.04790692
5E00,-1.0113952,0.09657977
5E6I,-0.39793637,-0.03627843
5E9D,-1.0564296,0.080753624
5ENW,-0.9840955,0.04346514
5EO0,-0.959212,0.017315919
5EO1,-0.9488853,0.016550915
5EOT,-0.961937,0.02690668
5EU3,-0.98733205,0.07341451
5EU4,-1.0548812,0.08115818
5EU5,-1.0276966,0.075704016
5EU6,-1.0936676,0.048342902
5EUO,-1.0708215,0.0146253025
5F7D,-0.92936534,0.030621814
5F9J,-1.0183364,0.08749137
5FA3,-0.91546434,0.026825814
5FA4,-0.91975504,0.05576561
5FDW,-0.9364973,0.03041201
5GRD,-1.0042545,0.13843715
5GRG,-1.0535647,0.118469924
5GSD,-1.0566326,0.13187127
5HGA,-1.0333673,0.10803393
5HGB,-0.9507896,0.0953277
5HGD,-1.0193605,0.015394088
5HGH,-1.0748433,0.07741722
5HHM,-0.893089,-0.018709857
5HHN,-1.0462699,0.044632442
5HHO,-0.8972996,-0.024744017
5HHP,-1.0344125,0.020672332
5HHQ,-1.0561712,0.05102383
5HYJ,-1.011246,0.08408882
5IB1,-1.0454752,0.06773737
5IB2,-1.069215,0.07372051
5IB3,-1.0499918,0.07019221
5IB4,-1.0602691,0.07028848
5IB5,-1.0158029,0.0627606
5IEH,-1.0599371,0.06050166
5IEK,-1.0716159,0.048651867
5IM7,-0.9744942,0.017361365
5INC,-0.95617694,0.057243142
5IND,-0.9922416,0.0157684
5IRO,-0.31236672,-0.00953332
5ISZ,-1.0556507,-0.00800803
5IUE,-0.6532776,0.010272635
5J1A,5.923081,0.65733445
5JHD,-1.0603945,0.027051853
5JZI,-0.92307246,0.023590656
5KNM,-0.24922036,-0.00074113323
5L2J,5.2455344,0.6885154
5L2K,5.129961,0.69550556
5MEN,-0.9451578,0.018138353
5MEO,-1.0272852,0.03585485
5MEP,-1.0532768,0.08318453
5MEQ,-1.0289062,0.048571337
5MER,-0.90499204,0.044274807
5N1Y,-1.0414902,0.10210326
5N6B,-1.0339247,0.108480245
5NHT,-0.97206444,0.049969297
5NME,-0.8890645,0.079957515
5NMF,-0.89799225,0.10568318
5NMG,-1.0062418,0.085024305
5NMH,-1.01648,0.071012214
5NMK,-0.9613584,0.033468727
5NQK,-0.9404557,0.042097904
5SWQ,-1.0048604,0.08279958
5T6W,-1.0944794,0.08371212
5T6X,-1.0991173,0.06849086
5T6Y,-1.111351,0.057697352
5T6Z,-0.80445045,-0.013973271
5T70,-0.8369534,-0.026763534
5TEZ,-0.8796047,0.0405506
5TXS,-0.9498301,0.037613835
5U16,1.9621748,-1.1276258
5U17,1.4745873,-0.95258206
5U1R,1.988565,-1.1187079
5U2V,1.6176796,-1.0052787
5U6Q,1.9666612,-1.1192698
5U72,1.8350972,-1.0773717
5U98,-0.8593151,-0.004095045
5V5L,-0.9988343,0.021812845
5V5M,-1.030806,0.01937773
5VGD,-0.20608698,-0.022839522
5VGE,-0.60525817,0.115533024
5VUD,-1.094146,0.06818065
5VUE,-1.1094136,0.042954396
5VUF,-1.0752833,0.033819206
5VVP,-1.0967953,0.061416402
5VWD,-1.0999528,0.032153904
5VWF,-1.1012322,0.031057436
5VWH,-1.0778737,0.051935766
5VWJ,-1.0735393,0.021868892
5VZ5,-0.5321627,0.032703985
5W1V,-0.336882,-0.087783106
5W1W,-0.28832552,-0.073028505
5W67,-0.5147995,0.021465966
5W69,-0.76707107,-0.01179214
5W6A,-0.719259,-0.0004696093
5WHK,6.451308,-0.5060631
5WJL,-0.993912,0.090655945
5WJN,-1.0001827,0.089860246
5WKE,5.195233,0.69818586
5WKF,-0.9651332,0.07882852
5WKG,5.1449804,0.70027965
5WKH,-0.8460577,0.08102768
5WKI,5.334398,0.7417483
5WL1,5.2715406,0.69980204
5WMN,-0.81971943,0.047707688
5WMO,-0.9431308,0.0038138928
5WMP,-0.91625834,0.03372816
5WMQ,0.09193728,-0.016382417
5WMR,-0.033921123,-0.092496715
5WSH,-1.0140878,0.060213733
5WWI,-0.9345749,0.09012419
5WWJ,-1.0358887,0.097378634
5WWU,-0.98486805,0.077347904
5WXC,-1.0342388,0.09629677
5WXD,-0.95112747,0.081916705
5XOS,-1.0100816,0.04330058
5XOT,-0.7943734,-0.0024520156
5XOV,-0.9523541,0.09566951
5XS3,-0.4554397,-0.09609069
5YXN,-1.0445476,0.061760716
5YXU,-1.0139588,0.057229657
6AEE,-0.88215286,-0.03470953
6AM5,-0.95089096,0.030382885
6AMT,-0.9335017,0.002326463
6AMU,-0.82526815,-0.0770249
6APN,-1.0355165,0.022031918
6AT5,-0.88282436,0.025839733
6AT9,-0.87460375,0.13459827
6AVF,-0.59869367,0.003684232
6AVG,-0.6818808,0.020238712
6BJ2,-0.6283462,0.06863308
6BJ3,-0.52310693,-0.0049603665
6BJ8,-0.46998253,-0.0036831945
6BXP,-1.0952965,0.03776776
6BXQ,-1.1206797,0.050339315
6C09,5.71727,0.60432607
6C15,6.183745,0.55487156
6C97,6.116452,-0.15530483
6C98,6.27333,-0.19210579
6C99,6.081644,-0.15125854
6CUG,5.1806912,0.7024966
6D29,-1.1255337,0.056408394
6D2B,-1.0796117,0.05926399
6D2R,-1.096641,0.059597407
6D2T,-1.0737876,0.05360544
6D64,5.2959285,0.6967475
6D78,-0.7930466,0.09148175
6D7G,-0.9261199,0.050958082
6DKP,-0.89265275,0.06437188
6EI2,-0.8288355,0.1258259
6ENY,-0.76981384,-0.013210519
6EQA,-1.0309905,0.05724359
6EQB,-0.9968847,0.0594093
6EWA,-0.9952673,0.009183905
6EWC,-1.0627302,0.042300776
6EWO,-0.94152164,-0.020655062
6FGB,5.8917913,-0.16307384
6G3J,-1.0651855,0.06867015
6G3K,-0.92355,0.04157041
6GGM,-0.4778481,-0.038081866
6GH1,-0.5775844,-0.037328538
6GH4,-0.6862494,-0.020021334
6GHN,-0.49271458,-0.03124473
6GL1,-0.6765024,-0.05922134
6ID4,-1.0251564,0.0432455
6IEX,-0.74966204,0.023863658
6ILM,5.8227253,-0.098928615
6J1V,-1.0357163,0.06816666
6J1W,-0.8833509,0.05664051
6J29,-0.98359174,0.08748703
6J2A,-0.9563057,0.106628165
6JOZ,-1.0966979,0.12533566
6JP3,-1.0879697,0.10308542
6JTN,-0.8195543,0.043595847
6JTO,-0.6974295,-0.055849634
6JTP,-0.76358396,0.074330956
6K60,-0.3134814,-0.1324944
6LA6,5.698159,-0.08658624
6LA7,5.768688,-0.12438292
6MPP,-0.18515876,0.09018368
6MT3,-0.9958407,0.059979305
6MT4,-1.0431973,0.041403715
6MT5,-1.0354457,0.029970793
6MT6,-1.042164,0.041434832
6MTL,-0.93140984,0.0013770857
6MTM,-0.663957,-0.06266656
6MWR,2.2591922,-0.8215971
6NCA,-0.98661083,-0.021192322
6NHA,6.6912527,-0.45530286
6NUX,5.8657455,0.55244833
6O4Y,-1.0584193,0.08520201
6O4Z,-1.01579,0.09309878
6O51,-1.0193098,0.05372319
6O53,-0.9348062,0.043116573
6O9B,-0.9032902,0.010732954
6O9C,-0.8988441,0.0395208
6OPD,-1.0422833,0.043487336
6P23,-0.88598615,0.056446493
6P27,-0.882414,0.059236422
6P2C,-0.88181615,0.057616763
6P2F,-0.8887994,0.060154747
6P2S,-0.88764435,0.08776479
6P64,-0.9447151,0.05490341
6PA1,0.08107614,0.14408758
6PAG,-0.59732765,0.12022861
6PBH,-1.0021925,0.11412546
6PTB,-1.0863976,0.026627885
6PTE,-1.0997171,0.055709474
6PUC,1.7304024,-1.0225415
6PUD,1.7316465,-1.0408229
6PUE,1.7598215,-1.0435159
6PUF,1.9650483,-1.0915846
6PUG,1.7126039,-1.047572
6PUH,1.7572179,-1.0368888
6PUI,1.7680132,-1.0530214
6PUJ,2.023877,-1.1124643
6PUK,1.980409,-1.0948327
6PUL,1.7459573,-1.0297064
6PUM,2.0004983,-1.0928937
6PVC,1.724082,-1.0150222
6PVD,1.9710081,-1.0910599
6PYJ,-1.0036365,0.021728722
6PYL,-0.95443565,0.0022371009
6PYV,-1.0647651,0.032158755
6PYW,-1.0248798,0.017041475
6PZ5,-1.0730736,0.027993297
6Q3K,-0.9660433,0.07656305
6Q3S,-0.8020915,-0.091667876
6QIO,6.0727043,-0.13343586
6QIP,6.0421133,-0.13682546
6R2L,-1.0144873,-0.03787223
6R2U,2.611666,-0.67683244
6RP9,-1.0928587,-0.022162925
6RPA,-0.98275316,0.06629129
6RPB,-1.0985388,0.037942838
6RSY,-1.0154841,-0.030474715
6SNY,6.346107,0.1857612
6SS7,-1.0056497,0.03012375
6SS8,-0.99370915,0.047038306
6SS9,-0.9310733,0.03162488
6SSA,-1.039713,0.049308486
6TDO,-0.9741289,0.047789175
6TDP,-1.0032158,0.03128467
6TDQ,-1.0762993,-0.020957517
6TDR,-1.0554225,0.037245926
6TDS,-1.0112879,0.033319205
6TMO,-1.0374335,0.028475137
6TRN,-0.96692306,0.04069932
6TRO,-0.81913966,-0.041417126
6UJ7,-0.5658163,0.0023804822
6UJ8,-0.71517766,0.015428644
6UJ9,-0.728152,-0.006788679
6UJO,-1.0518425,0.023108669
6UJQ,-1.0413659,0.011092225
6UK2,-0.9724699,-0.008359915
6UK4,-0.9899858,-0.009323466
6ULI,-0.7951363,-0.009817886
6ULK,-0.7566762,-0.022717452
6ULN,-0.60251874,0.050029315
6ULR,-0.5494615,0.04117444
6UON,-0.6280232,-0.032113757
6UZ1,-0.93483025,0.028192105
6UZM,-0.8754963,0.062031772
6UZN,-0.9323515,0.06246854
6UZO,-0.79757625,0.06885295
6UZP,-0.95713925,0.025142768
6UZQ,-0.86479694,0.062066965
6UZS,-0.8836609,0.03474002
6V2O,-1.1184282,0.012615626
6V2P,-1.1253959,0.005481406
6V2Q,-1.1239436,0.02534753
6V3J,-0.8161198,-0.051796544
6V7Y,5.122679,0.74623245
6V7Z,4.9670897,0.72995234
6V80,4.853422,0.70661646
6VB0,-0.95809376,0.06907431
6VB1,-0.9750349,0.06731559
6VB2,-0.9767633,0.06673212
6VB3,-0.9246921,0.047308423
6VB4,-0.7537208,0.09515952
6VB5,-0.890759,0.07809401
6VB6,-0.9133042,0.07189139
6VB7,-0.89192015,0.077181205
6VIU,-0.7537208,0.09515952
6VM7,-0.9922116,0.0039940444
6VM8,-1.0026033,0.0009967237
6VM9,-0.83296734,-0.012685087
6VMA,-0.92301744,0.008587531
6VMC,-0.9317525,0.008281079
6VMX,-0.7913122,-0.06398614
6VPZ,-1.0953318,0.035005134
6VQ2,-1.0900055,0.028125877
6VQD,-1.0646008,0.02918385
6VQE,-1.0889776,0.031898443
6VQO,-0.8584129,0.01139407
6VQY,-0.9719481,0.049382847
6VQZ,-0.9753259,0.05357667
6VR1,-1.0280075,0.028708095
6VR5,-1.0240479,0.04447737
6VRM,-0.93489134,0.049978424
6VRN,-0.808792,0.07766217
6W51,-1.0721256,0.043874037
6W9U,1.8746065,-1.0811824
6W9V,1.8243321,-1.0711594
6WNA,6.1822696,-0.16043733
6WOL,6.454009,-0.19847006
6XQA,-0.9095944,0.040617958
6XQP,1.5553937,-0.9541258
6Y26,-1.1018836,0.026682336
6Y27,-1.0954936,0.019167555
6Y28,-1.092012,0.023628403
6Y29,-1.0924754,0.007759106
6Y2A,-1.0973879,0.02262986
6Y2B,-1.0972388,0.011678279
6Z9V,-0.89218545,0.00024750162
6Z9W,-1.0448402,0.0043013883
6Z9X,-0.9761453,0.0060637197
6ZKW,-0.2907192,-0.056461647
6ZKX,0.6732867,-0.08936328
6ZKY,-0.2135492,-0.057624903
6ZKZ,-0.1926568,-0.03520375
7ALO,-0.9395436,0.002899833
7B5F,9.793838,-0.4504119
7BBG,-1.0805159,-0.0136017995
7BH8,-0.22386052,-0.04412672
7C9V,6.049052,-0.16659468
7CIQ,-1.062215,0.016614607
7CIR,-1.0900983,0.009413164
7CIS,-1.098588,0.04241537
7DUU,-0.79804945,0.025108403
7DYN,-1.1036801,0.027194947
7DZM,-0.57899827,0.022389658
7DZN,-0.802035,2.6609187e-05
7EJL,-0.9656364,0.047069862
7EJM,-0.9402196,0.03838468
7EJN,-0.99345464,0.063696
7EU2,-0.88999677,0.03416891
7F4W,-0.8325057,0.04773564
7FI5,7.0724144,-0.32850543
7FI6,6.858676,-0.33158526
7FI7,6.8451786,-0.32284972
7FI8,7.1435375,-0.31393585
7FI9,7.007121,-0.4120184
7JYU,-0.93681145,0.050574135
7JYV,-0.9545795,0.042273615
7JYW,-0.7347787,-0.030107358
7JYX,-0.84032196,0.04044123
7K80,-0.8166313,0.02707038
7K81,-0.72332495,0.01433483
7KGO,-1.0572786,0.025379656
7KGP,-1.0599139,0.024224695
7KGQ,-1.0701942,0.018048333
7KGR,-1.0022877,-0.005915413
7KGS,-1.0399522,0.017626408
7KGT,-1.0462172,0.050279774
7KOZ,5.769201,0.6369248
7KP0,5.6125712,0.62493855
7KP1,5.9579353,0.6313263
7L1B,-1.0438429,0.039545212
7L1C,-1.0280162,0.045191
7L1D,-0.9270898,0.024009861
7LFZ,-0.8262342,0.0019434544
7LG0,-0.22124393,-0.12050803
7LG2,-1.0745118,0.021094676
7LG3,-0.9919488,-0.019550437
7LGD,-0.7411171,-0.040788375
7LGT,-0.96622396,-0.041829232
7LLI,2.2661142,-0.9151939
7LLJ,2.3039815,-0.88433826
7M8S,-1.0291935,-0.02137854
7M8T,-0.9830712,0.118882686
7M8U,-0.82192034,-0.0008433967
7MJ6,-1.0182769,-0.012931015
7MJ7,-0.9351825,0.028186318
7MJ8,-1.0373847,0.0059870468
7MJ9,-1.0274717,0.015115888
7MJA,-0.9194338,0.044652887
7MKB,-0.99052405,-0.03740475
7MLE,-0.9949817,0.037209827
7MX4,5.0801415,0.64335954
7MXF,5.1791058,0.6620957
7MXH,5.8694234,0.6089654
7N1A,-0.58297104,0.018704725
7N1B,-1.0948199,-0.011958058
7N1E,-1.1036214,-0.03000339
7N1F,-1.053796,-0.008731625
7N2N,-1.0580535,0.02913905
7N2O,-1.0376396,0.05225234
7N2P,-1.0176412,0.05055557
7N2Q,-0.92985713,0.023403736
7N2R,-0.98448926,0.05867371
7N2S,-0.99485844,0.037639454
7N6D,-0.65488267,-0.029786313
7N6E,-0.6777699,-0.040863976
7NDQ,-0.28904778,-0.1438742
7NDT,-0.4376032,-0.106052555
7NDU,0.25118312,-0.2296547
7NMD,-0.98074144,0.029068021
7NME,-0.59363395,0.033788588
7NMF,-0.6859865,0.040369187
7NMG,-0.69274884,0.026738908
7NUI,0.3229448,-0.09242459
7OKS,6.4364147,0.13079359
7OKT,7.2361097,0.15858518
7OKU,6.3399196,0.17457408
7OKV,6.4620132,0.091033965
7OW3,-0.89870185,0.030135186
7OW4,-1.0508873,0.07233124
7OW5,-0.9245289,0.06021134
7OW6,-1.0315783,0.07692635
7P3D,-0.93809366,-0.036381476
7P3E,-0.5396835,-0.023793608
7P49,-0.62928426,-0.10141122
7P4B,-0.64412624,-0.088425934
7PB2,-0.8207537,0.05723674
7PBC,-0.7777492,-0.04907494
7PBE,-0.73334765,-0.003104229
7PDW,-0.8029898,-0.043503344
7PHR,-0.99910676,-0.019010615
7Q15,5.83928,-0.29139146
7Q5D,6.5527415,0.17568259
7Q98,-1.0343455,-0.0026356967
7Q99,-1.043616,0.028237607
7Q9A,-1.0733459,-0.039774008
7Q9B,-0.74465567,0.029930575
7QPD,0.37129885,-0.2717307
7QPJ,-1.0125397,0.0029709763
7R7V,-1.0231595,0.007631318
7R7W,-1.031291,0.005610634
7R7X,-1.0075126,-0.0127236955
7R7Y,-1.0857248,0.016445387
7R80,-0.7828124,0.0015959917
7RE7,-0.93038994,0.012288483
7RE8,-1.0755886,-0.0066705863
7RK7,-0.98339295,-0.008604371
7RM4,-1.0091267,0.03444198
7RNO,3.2583451,-0.69331676
7RRG,-0.8477667,0.053041726
7RTD,-1.0121547,0.0071645663
7RTR,-1.0246081,-0.014863139
7RYM,6.5265856,0.6660173
7RYN,6.425309,0.67436874
7RYO,5.750945,0.62828964
7RZD,-0.8239142,0.06800873
7RZJ,-0.84308493,0.071354225
7S79,-0.81389785,0.08225033
7S7D,-0.8191073,0.079790145
7S7E,-0.7078313,0.028672043
7S7F,-0.737864,0.012953788
7S8A,-0.86950034,0.014732029
7S8E,-0.8491269,0.07542934
7S8F,-0.8459337,0.07202629
7S8Q,-1.0809017,0.08805511
7S8R,-0.89644367,0.04160372
7S8S,-0.9281127,0.04905123
7SA2,-0.88635,0.03729046
7SH4,6.05235,0.6432497
7SIF,-0.96267533,-0.015056475
7SIG,-0.7994878,-0.04149694
7SIH,-1.0028368,-0.016422695
7SIS,-1.0725856,0.040856432
7SQP,-1.0053388,-0.0034253548
7SR0,-1.0329599,-0.025628766
7SR3,-0.9875026,-0.011600815
7SR4,-0.93949574,-0.02372685
7SR5,-1.0083271,-0.031448323
7SRK,-1.0691899,-0.013803379
7SSH,-0.96186525,-0.015358845
7ST3,-0.9922492,0.012748787
7STF,-0.34364507,-0.08934609
7STG,-1.0545547,0.0018933709
7SU9,-0.8257653,0.027219363
7T0L,-0.9484003,0.030722177
7T5M,-0.74151564,-0.049502425
7TLT,-0.94470614,0.0757127
7TR4,-1.0843385,0.018240148
7TUC,-1.033164,0.027289594
7TUD,-0.6586005,0.043383256
7TUE,0.31205562,-0.021296568
7U1R,-1.0421032,0.049501598
7U21,-1.0885695,0.058122907
7UC5,-0.88770413,0.029010948
7UFJ,1.9978882,-1.0704219
7UM2,-1.0551313,0.06397368
7UMG,2.2721298,-0.9242721
7UR1,-1.0172106,0.052051656
7WJ2,-0.80991155,0.00057425705
7WJ3,-0.5273126,0.04451751
7WKJ,-0.66661215,-0.001250362
7WT3,-1.0742667,0.04979091
7WT4,-1.0206921,0.08242414
7WT5,-1.0618559,0.030579228
7WZZ,-1.0783306,-0.011101416
7X00,-1.0611408,-0.039864764
7X1B,-1.0436674,0.006997284
7X1C,-1.0694318,0.0058478196
7XF3,-0.9484014,0.0061622085
7XXA,9.416577,-0.2583708
7YG3,-1.013604,-0.06451551
7ZT2,1.5103447,-0.94116944
7ZT3,1.4455132,-0.95585716
7ZT4,1.9451963,-1.0231904
7ZT5,1.929703,-1.0310282
7ZT7,1.9335465,-1.0265839
7ZT8,1.6325953,-0.97053295
7ZT9,1.6933225,-0.94597995
7ZUC,-0.5716053,-0.026412727
8BP6,2.0637727,-0.9022608
8C44,6.9558554,0.19178434
8CX4,-1.0030032,0.033784438
8DNT,-0.598941,-0.055800505
8DV3,5.542694,0.70102274
8DV4,5.3493323,0.69616365
8DVG,-1.0004883,0.029321378
8E13,-0.28030193,0.058504432
8E2Z,0.57530564,0.0062799565
8E8I,-0.2976775,0.04027782
8EB2,-1.0907955,-0.012047877
8EC5,1.975489,-0.08786053
8EK5,-0.71494883,0.01097154
8ELG,-1.0632209,0.022143275
8ELH,-1.0490109,0.031812638
8EMF,-0.84008896,-0.008065317
8EMG,-0.80575186,-0.0027525946
8EMI,-0.83179456,-0.0028827358
8EMJ,-0.7877462,-0.009424707
8EMK,-0.89521724,-0.007892291
8EN8,-0.7872773,-0.030683435
8ENH,-0.4717376,-0.03715913
8EO8,-0.4753283,-0.02700143
8ERX,-0.7831456,-0.0021554593
8ES8,-0.9034238,-0.0050786585
8ES9,-0.89580786,-0.014909118
8ESA,-0.6226083,-0.03391955
8ESB,-0.6583956,-0.037133794
8ESH,-0.4124562,-0.032932807
8F5A,-0.99654996,-0.024766613
8F7M,-1.1296936,-0.015283607
8FJA,-0.9193216,-0.017516177
8FJB,-0.83512247,-0.047335234
8FRT,-0.87818813,-0.03235503
8FU4,-1.047665,0.033209182
8GLE,5.5784626,0.706991
8GLF,5.544833,0.7059682
8GLG,5.4375877,0.67560375
8GLH,5.3739705,0.6998741
8GLI,5.6233444,0.7008202
8GOM,-1.0934523,-0.03110698
8GON,-1.0869452,0.0033337898
8GVB,-0.7973299,0.012589858
8GVG,-0.83539456,0.014186206
8GVI,-0.9121518,0.032829817
8HN4,-0.6989605,0.010249882
8I5C,-0.96984655,0.012230977
8I5D,-1.0179945,0.03881284
8I5E,-1.0256093,0.062492453
8ISN,-1.004805,0.057593558
8QFY,-0.4001346,-0.010033145
8RBU,-0.33421233,0.04602022
8RBV,-1.0469575,0.04063671
8RCV,-0.98588616,-0.076983
8REF,-0.90559566,-0.04506829
8RH6,-0.27913833,0.021330804
8RHQ,-0.14826727,-0.058265794
8RJ5,-0.8802661,0.098331064
8RJH,-0.95955765,0.06971266
8RJI,-0.9972966,0.047860123
8RLT,-0.47585672,-0.0859124
8RLU,-0.41148314,-0.07478855
8RLV,-0.424148,-0.083196156
8RNE,-0.5173254,-0.02877114
8RNF,-0.49199167,-0.07992672
8RNG,-1.0408112,0.037055273
8RNH,-1.0317898,0.015793948
8ROO,-1.0379008,0.022347841
8ROP,-0.98590916,0.03457441
8RRO,-0.9145832,0.032881316
8RYM,-1.0080802,0.010955487
8RYN,-1.0172393,0.02163923
8RYO,-0.98199046,0.029938303
8RYP,-1.0949473,0.034859575
8RYQ,-1.0756519,0.027034914
8SBK,-0.9973329,0.030707251
8SBL,-0.8963911,0.044401664
8SGB,5.400809,0.69431955
8SGM,5.552462,0.70310813
8SHI,-0.61132234,-0.04216712
8SOS,4.857466,0.7454196
8T6M,-0.77157646,-0.0075249705
8T7R,-0.7049837,0.119916305
8TBV,-1.0366755,-0.023722647
8TBW,-1.0373887,-0.02185001
8TLZ,7.4293227,-0.3263005
8TM0,7.7673054,-0.3207658
8TM2,7.428115,-0.29492384
8TMU,-0.76984924,-0.013972297
8TNJ,-0.3990321,-0.04694315
8TUB,-0.6738077,-0.0004745397
8TUH,-0.5319849,-0.053684477
8U9G,-1.0880239,0.005782906
8UDR,-0.85253626,0.050557245
8V4Z,-0.46575537,-0.09614734
8V50,-0.5261882,-0.053726606
8V51,-0.3912111,-0.06850797
8VCL,-1.0453973,0.038174663
8VJZ,-1.0375257,0.040955808
8VR9,-1.0128784,0.04501671
8VRA,-0.66463894,-0.002975181
8VRB,-0.9637565,0.040202003
8WTE,-0.972374,0.033653185
8WUL,-1.0726142,0.040648114
8XES,-1.0048249,0.09133448
8XFZ,-0.75402594,0.047007963
8XG2,-1.0540335,0.06409517
8XKC,-0.99276066,0.021227477
8XKE,-0.9791877,0.057592027
8Y6X,1.8577421,-1.0124166
8YE4,-0.83674616,0.030408643
8YIV,-0.984339,-0.004274399
8YJ2,-0.9198293,-0.00092336914
8ZOX,5.668507,0.65984863
8ZV9,-0.7470323,0.07194684
9ASF,-1.0412169,0.032146823
9ASG,-0.91670316,0.018800091
9BL2,-0.835916,-0.053370606
9BL3,-0.80814105,-0.06056448
9BL4,-0.84494364,-0.0485609
9BL5,-0.7945306,-0.030760078
9BL6,-0.8411633,-0.018687181
9BL9,-0.55966914,-0.0318562
9BLA,-0.7861906,0.018880831
9BTX,2.3435738,-1.104949
9BTY,2.033295,-1.0626899
9BTZ,2.166311,-1.0874082
9BU0,2.42955,-1.1147656
9C3E,2.819485,-0.22177881
9C6V,-1.0908232,0.053204365
9C6W,-1.0684359,0.043620348
9C6X,-1.0761245,0.032690432
9CGR,1.8724986,-1.0461445
9CGS,2.5433369,-1.1213489
9DL1,-1.0610286,0.025850832
